,exporter_group,Adjusted_deforestation_exposure,Producer country,GID,Year,Commodity
0,ALECON COMERCIAL EXPORTADORA E REPRESENTACAO,0.001967970481123082,Brazil,BRA,2015,Oil palm fruit
1,ARRIFANA INDUSTRIAL IMPORTADORA E EXP DE ALIMENTOS LTDA,0.0012430308173330292,Brazil,BRA,2015,Oil palm fruit
2,BARTH E PENEDO COMERCIO EXTERIOR LTDA - EPP,0.0003491560531024823,Brazil,BRA,2015,Oil palm fruit
3,BIOPALMA DA AMAZONIA S.A. REFLORESTAMENTO INDUSTRIA E C,172.49709526986737,Brazil,BRA,2015,Oil palm fruit
4,BRASIL EXPRESS COMERCIO IMPORTACAO E EXPORTACAO LTDA,0.00012696583749181178,Brazil,BRA,2015,Oil palm fruit
5,BRAZIL AGROBUSINESS COMERCIO INTERNACIONAL DE FRUTAS  EIRELI,0.0009213840290204396,Brazil,BRA,2015,Oil palm fruit
6,BVR TRADING IMPORTACAO E EXPORTACAO LTDA EPP,0.0002539316749836235,Brazil,BRA,2015,Oil palm fruit
7,COIMBRA IMPORTACAO E EXPORTACAO,0.00019044875623771767,Brazil,BRA,2015,Oil palm fruit
8,COMPANHIA REFINADORA DA AMAZONIA,268.8185396944011,Brazil,BRA,2015,Oil palm fruit
9,DISTRIBUIDORA INTERNACIONAL DE PRODUTOS BRASILEIROS EIRELI,5.995608992668889e-05,Brazil,BRA,2015,Oil palm fruit
10,EFX IMPORTACAO E EXPORTACAO LTDA,0.0007582681961316534,Brazil,BRA,2015,Oil palm fruit
11,ETTICA COMERCIO IMPORTACAO E EXPORTACAO LTDA - EPP,0.005247921282994885,Brazil,BRA,2015,Oil palm fruit
12,EXPORTADORA E IMPORTADORA RIO BRANCO LTDA EPP,0.0002539316749836235,Brazil,BRA,2015,Oil palm fruit
13,"EXPORTRADE EXPORTACAO, IMPORTACAO E REPRESENTACOES LTDA",0.0008464389166120784,Brazil,BRA,2015,Oil palm fruit
14,FIRMENICH & CIA.,0.007186795426359428,Brazil,BRA,2015,Oil palm fruit
15,GLOBAL BRIDGES NEGOCIOS INTERNACIONAIS LTDA,0.0016082339415629488,Brazil,BRA,2015,Oil palm fruit
16,HIKARI INDUSTRIA E COMERCIO LTDA,0.0004020584853907372,Brazil,BRA,2015,Oil palm fruit
17,IND E COM DE PROD ALIM CEPERA LTDA,0.0027403459925316037,Brazil,BRA,2015,Oil palm fruit
18,INDUSTRIA E COMERCIO DE COSMETICOS NATURA LTDA,0.0026274874703166597,Brazil,BRA,2015,Oil palm fruit
19,J N DISTRIBUIDORA DE PRODUTOS DE HIGIENE E BELEZA,0.0018692192741850064,Brazil,BRA,2015,Oil palm fruit
20,M S COMERCIAL IMPORTADORA E EXPORTADORA DE ALIMENTOS,2.4687801734518956e-05,Brazil,BRA,2015,Oil palm fruit
21,M8M COMERCIO IMPORTACAO E EXPORTACAO LTDA,4.2321945830603925e-05,Brazil,BRA,2015,Oil palm fruit
22,MAIPUR IMPORT EXPORT COMERCIO LTDA - EPP,0.0012908193478334193,Brazil,BRA,2015,Oil palm fruit
23,NIGATA COMERCIO INTERNACIONAL LTDA,0.0008746535471658144,Brazil,BRA,2015,Oil palm fruit
24,RRIST INDUSTRIA E COMERCIO LTDA,0.08591355003612593,Brazil,BRA,2015,Oil palm fruit
25,SUN.F INTERNATIONAL IMPORTACAO E EXPORTACAO LTDA,7.053657638433987e-06,Brazil,BRA,2015,Oil palm fruit
26,TIREX COMERCIO E LOGISTICA LTDA,0.0008323316013352103,Brazil,BRA,2015,Oil palm fruit
27,TRADEBRAS COMERCIO IMPORTACAO E EXPORTACAO,0.0007617950249508705,Brazil,BRA,2015,Oil palm fruit
28,VALE DOURO COMERCIO E EMPREENDIMENTOS IMOBILIARIOS LTDA - EP,0.00787188192449233,Brazil,BRA,2015,Oil palm fruit
29,VALSAMPA - EXPORTACAO E IMPORTACAO LTDA - EPP,0.0007547413673124366,Brazil,BRA,2015,Oil palm fruit
30,ALECON COMERCIAL EXPORTADORA E REPRESENTACAO,0.02316001305925526,Brazil,BRA,2016,Oil palm fruit
31,ARM IMPORTADORA E EXPORTADORA EIRELI,0.0017802830912967724,Brazil,BRA,2016,Oil palm fruit
32,ARRIFANA INDUSTRIAL IMPORTADORA E EXP DE ALIMENTOS LTDA,0.02783121456485963,Brazil,BRA,2016,Oil palm fruit
33,ASSURUA COMERCIO EXTERIOR LTDA,0.0007447789813131452,Brazil,BRA,2016,Oil palm fruit
34,BARTH E PENEDO COMERCIO EXTERIOR LTDA - EPP,0.0015516228777357193,Brazil,BRA,2016,Oil palm fruit
35,BIOPALMA DA AMAZONIA S.A. REFLORESTAMENTO INDUSTRIA E C,204.25374264521923,Brazil,BRA,2016,Oil palm fruit
36,BVR TRADING IMPORTACAO E EXPORTACAO LTDA EPP,0.00029399170314992583,Brazil,BRA,2016,Oil palm fruit
37,COIMBRA IMPORTACAO E EXPORTACAO,0.0016822858569134642,Brazil,BRA,2016,Oil palm fruit
38,COMPANHIA REFINADORA DA AMAZONIA,516.7168644729801,Brazil,BRA,2016,Oil palm fruit
39,EFX IMPORTACAO E EXPORTACAO LTDA,0.010077382269083566,Brazil,BRA,2016,Oil palm fruit
40,EMBRAIMPEX EMPRESA BRASILEIRA DE IMPORTACOES E EXPORTACOES L,0.002613259583554895,Brazil,BRA,2016,Oil palm fruit
41,ETTICA COMERCIO IMPORTACAO E EXPORTACAO LTDA - EPP,0.025871269877193463,Brazil,BRA,2016,Oil palm fruit
42,"EXPORTRADE EXPORTACAO, IMPORTACAO E REPRESENTACOES LTDA",0.003936222247729561,Brazil,BRA,2016,Oil palm fruit
43,GLOBAL BRIDGES NEGOCIOS INTERNACIONAIS LTDA,0.001339295536571884,Brazil,BRA,2016,Oil palm fruit
44,HIKARI INDUSTRIA E COMERCIO LTDA,0.0018619474532828631,Brazil,BRA,2016,Oil palm fruit
45,IND E COM DE PROD ALIM CEPERA LTDA,0.05708338902827724,Brazil,BRA,2016,Oil palm fruit
46,INDUSTRIA E COMERCIO DE COSMETICOS NATURA LTDA,0.38165022930579523,Brazil,BRA,2016,Oil palm fruit
47,M S COMERCIAL IMPORTADORA E EXPORTADORA DE ALIMENTOS,3.26657447944362e-05,Brazil,BRA,2016,Oil palm fruit
48,MAIPUR IMPORT EXPORT COMERCIO LTDA - EPP,0.00411588384409896,Brazil,BRA,2016,Oil palm fruit
49,P. SEVERINI NETTO COMERCIAL LTDA,0.009211740032031008,Brazil,BRA,2016,Oil palm fruit
50,TIREX COMERCIO E LOGISTICA LTDA,0.0004409875547248885,Brazil,BRA,2016,Oil palm fruit
51,TRADEBRAS COMERCIO IMPORTACAO E EXPORTACAO,0.007725448643884159,Brazil,BRA,2016,Oil palm fruit
52,VALE DOURO COMERCIO E EMPREENDIMENTOS IMOBILIARIOS LTDA - EP,0.04331477759742239,Brazil,BRA,2016,Oil palm fruit
53,AGROPALMA S/A,208.26505056816083,Brazil,BRA,2017,Oil palm fruit
54,ALECON COMERCIAL EXPORTADORA E REPRESENTACAO,0.00904243855238575,Brazil,BRA,2017,Oil palm fruit
55,ARM IMPORTADORA E EXPORTADORA EIRELI,0.00031973263389651274,Brazil,BRA,2017,Oil palm fruit
56,ARRIFANA INDUSTRIAL IMPORTADORA E EXP DE ALIMENTOS LTDA,0.025530650816636538,Brazil,BRA,2017,Oil palm fruit
57,ATACADO FERNANDES DE GENEROS ALIMENTICIOS IMPORTADORA E EXP,0.0015586965902454994,Brazil,BRA,2017,Oil palm fruit
58,BARTH E PENEDO COMERCIO EXTERIOR LTDA - EPP,0.004346365492030718,Brazil,BRA,2017,Oil palm fruit
59,BIOPALMA DA AMAZONIA S.A. REFLORESTAMENTO INDUSTRIA E C,612.8726749911256,Brazil,BRA,2017,Oil palm fruit
60,BRAZIL MERCHANT IMPORTACAO E EXPORTACAO DE MAQUINAS LTDA - E,0.0018584459345234797,Brazil,BRA,2017,Oil palm fruit
61,BVR TRADING IMPORTACAO E EXPORTACAO LTDA EPP,0.0003596992131335768,Brazil,BRA,2017,Oil palm fruit
62,COIMBRA IMPORTACAO E EXPORTACAO,0.0005994986885559612,Brazil,BRA,2017,Oil palm fruit
63,COMPANHIA REFINADORA DA AMAZONIA,32.44752730175012,Brazil,BRA,2017,Oil palm fruit
64,EFX IMPORTACAO E EXPORTACAO LTDA,0.014497876618244998,Brazil,BRA,2017,Oil palm fruit
65,EMBRAIMPEX EMPRESA BRASILEIRA DE IMPORTACOES E EXPORTACOES L,0.003537042262480171,Brazil,BRA,2017,Oil palm fruit
66,ETTICA COMERCIO IMPORTACAO E EXPORTACAO LTDA - EPP,0.020622754886325066,Brazil,BRA,2017,Oil palm fruit
67,EXPORTADORA E IMPORTADORA RIO BRANCO LTDA EPP,0.0002397994754223845,Brazil,BRA,2017,Oil palm fruit
68,"EXPORTRADE EXPORTACAO, IMPORTACAO E REPRESENTACOES LTDA",0.003826799961948886,Brazil,BRA,2017,Oil palm fruit
69,GLOBAL BRIDGES NEGOCIOS INTERNACIONAIS LTDA,0.0012089890219211883,Brazil,BRA,2017,Oil palm fruit
70,HIKARI INDUSTRIA E COMERCIO LTDA,0.0003417142524768979,Brazil,BRA,2017,Oil palm fruit
71,IND E COM DE PROD ALIM CEPERA LTDA,0.05456437230340175,Brazil,BRA,2017,Oil palm fruit
72,INDUSTRIA E COMERCIO DE COSMETICOS NATURA LTDA,0.07943357623366486,Brazil,BRA,2017,Oil palm fruit
73,JPM COMERCIO E EXPORTACAO LTDA,0.016014608300291576,Brazil,BRA,2017,Oil palm fruit
74,MAIPUR IMPORT EXPORT COMERCIO LTDA - EPP,0.0034171425247689798,Brazil,BRA,2017,Oil palm fruit
75,P. SEVERINI NETTO COMERCIAL LTDA,0.001768521131240085,Brazil,BRA,2017,Oil palm fruit
76,PETER KIESSLING 34841092897,0.0007793482951227497,Brazil,BRA,2017,Oil palm fruit
77,SEA OLIMPIC IMPORTACAO E EXPORTACAO EIRELI,0.00042714281559612247,Brazil,BRA,2017,Oil palm fruit
78,"SPT COMIMPEX - COMERCIO, IMPORTACAO E EXPORTACAO LTDA",0.23150641023069368,Brazil,BRA,2017,Oil palm fruit
79,TRADEBRAS COMERCIO IMPORTACAO E EXPORTACAO,0.0040965743717990685,Brazil,BRA,2017,Oil palm fruit
80,VALE DOURO COMERCIO E EMPREENDIMENTOS IMOBILIARIOS LTDA - EP,0.02670766657516808,Brazil,BRA,2017,Oil palm fruit
81,A.R.G.,0.0016643956943560904,Brazil,BRA,2015,Sugar cane
82,ABENGOA BIOENERGIA AGROINDUSTRIA,69.4860106031923,Brazil,BRA,2015,Sugar cane
83,ACUCAR E ALCOOL OSWALDO RIBEIRO DE,78.07730017295552,Brazil,BRA,2015,Sugar cane
84,ACUCAREIRA VIRGOLINO DE OLIVEIRA S/A,1.167996978495502,Brazil,BRA,2015,Sugar cane
85,"ACW COMERCIO, IMPORTACAO E EXPORTACAO DE MANUFATURADOS",3.121741379927601e-06,Brazil,BRA,2015,Sugar cane
86,ADECOAGRO,85.4502620224244,Brazil,BRA,2015,Sugar cane
87,ADM,0.5409163366974553,Brazil,BRA,2015,Sugar cane
88,AGROINDUSTRIAL SANTA JULIANA,41.58643528091697,Brazil,BRA,2015,Sugar cane
89,AGROINDUSTRIAL VISTA ALEGRE,2.41039808984745,Brazil,BRA,2015,Sugar cane
90,AGROVAL-AGROINDUSTRIAL VALE DO PARAIBA,2.938468211776923,Brazil,BRA,2015,Sugar cane
91,AKILA TRADING EXPORTADORA E IMPORTADORA,2.6618651139912486,Brazil,BRA,2015,Sugar cane
92,ALCON-COMPANHIA DE ALCOOL CONCEICAO DA BARRA,0.05022387007530659,Brazil,BRA,2015,Sugar cane
93,ALCOOLVALE S/A ALCOOL E ACUCAR,13.217613279207802,Brazil,BRA,2015,Sugar cane
94,"ALDEKE - COMERCIO, IMPORTACAO E EXPORTACAO",2.3359939569910042e-06,Brazil,BRA,2015,Sugar cane
95,ALECON COMERCIAL EXPORTADORA E REPRESENTACAO,0.0405051618834086,Brazil,BRA,2015,Sugar cane
96,ALIMENTOS ZAELI,7.786646523303347e-05,Brazil,BRA,2015,Sugar cane
97,AMYRIS BRASIL LTDA,1.7988395000730354e-05,Brazil,BRA,2015,Sugar cane
98,ANDRADE ACUCAR E ALCOOL,10.573880928975365,Brazil,BRA,2015,Sugar cane
99,ANTONIO RUETTE AGROINDUSTRIAL,2.8859620756056357,Brazil,BRA,2015,Sugar cane
100,APTI ALIMENTOS LTDA,8.759977338716263e-05,Brazil,BRA,2015,Sugar cane
101,ARAPORA BIOENERGIA S/A,3.979467126805142,Brazil,BRA,2015,Sugar cane
102,ARCO IRIS BRASIL IND COM DE PRODUTOS ALIMENTICIOS LTDA,7.280514499288629e-05,Brazil,BRA,2015,Sugar cane
103,ARM IMPORTADORA E EXPORTADORA EIRELI,8.759977338716263e-05,Brazil,BRA,2015,Sugar cane
104,ATACADO FERNANDES DE GENEROS ALIMENTICIOS IMPORTADORA E EXP,0.40237495909170046,Brazil,BRA,2015,Sugar cane
105,BIAVA DISTRIBUIDORA DE BEBIDAS,0.08966323471583804,Brazil,BRA,2015,Sugar cane
106,BIG BRAND BRASIL S.A,0.000588670477161733,Brazil,BRA,2015,Sugar cane
107,BIOENERGETICA VALE DO PARACATU SA,14.783582646850725,Brazil,BRA,2015,Sugar cane
108,BIOENERGIA DO BRASIL,5.181778688531863,Brazil,BRA,2015,Sugar cane
109,BOM SUCESSO AGROINDUSTRIA LTDA,11.195435582401988,Brazil,BRA,2015,Sugar cane
110,BP BIOENERGIA,43.78488571905419,Brazil,BRA,2015,Sugar cane
111,BP BIOENERGIA ITUMBIARA S.A.,14.900737805114066,Brazil,BRA,2015,Sugar cane
112,BRANCO PERES ACUCAR E ALCOOL S/A,12.610455940536603,Brazil,BRA,2015,Sugar cane
113,BRAZIL AGROBUSINESS COMERCIO INTERNACIONAL DE FRUTAS EIRELI - EPP,0.00019855948634423537,Brazil,BRA,2015,Sugar cane
114,BUNGE,37.75264910791481,Brazil,BRA,2015,Sugar cane
115,BVR TRADING IMPORTACAO E EXPORTACAO LTDA EPP,3.8933232616516735e-05,Brazil,BRA,2015,Sugar cane
116,CACU COMERCIO E INDUSTRIA DE ACUCAR E ALCOOL LTDA,9.091711840548557,Brazil,BRA,2015,Sugar cane
117,CAMIL ALIMENTOS,0.026931674330149282,Brazil,BRA,2015,Sugar cane
118,CANEX EXPORTACAO LTDA,40.324770590064844,Brazil,BRA,2015,Sugar cane
119,CENTRAL ACUCAREIRA SANTO ANTONIO,44.149257949788904,Brazil,BRA,2015,Sugar cane
120,CENTRAL ENERGETICA MORENO ACUCAR E ALCOOL,6.8577796008662855,Brazil,BRA,2015,Sugar cane
121,CENTRAL ENERGETICA MORENO DE MONTE APRAZIVEL ACUCAR E ALCOOL,7.429803979756663,Brazil,BRA,2015,Sugar cane
122,CENTRAL ENERGETICA VALE DO SAPUCAI,23.557177467673114,Brazil,BRA,2015,Sugar cane
123,CERTANO COMERCIAL DE ALIMENTOS LTDA,5.080786856455433e-05,Brazil,BRA,2015,Sugar cane
124,CLEALCO ACUCAR E ALCOOL,131.12125106496342,Brazil,BRA,2015,Sugar cane
125,COFCO,142.43015852715703,Brazil,BRA,2015,Sugar cane
126,COIMBRA IMPORTACAO E EXPORTACAO,0.18914348403593081,Brazil,BRA,2015,Sugar cane
127,COMERCIAL ZAMBI DE PRODUTOS ALIMENTICIOS LTDA - ME,0.0018941017667935393,Brazil,BRA,2015,Sugar cane
128,COMPANHIA AGRO INDUSTRIAL DE GOIANA,13.442677731652706,Brazil,BRA,2015,Sugar cane
129,COMPANHIA ALCOOLQUIMICA NACIONAL-ALCOOLQUIMICA,2.943093479811765,Brazil,BRA,2015,Sugar cane
130,COMPANHIA ENERGETICA SAO JOSE,21.00705014729277,Brazil,BRA,2015,Sugar cane
131,COMPANHIA USINA SAO JOAO,0.1404921272260053,Brazil,BRA,2015,Sugar cane
132,COOPERATIVA AGRICOLA DO VALE DO SATUBA - COPERVALES,1.2847966763450522,Brazil,BRA,2015,Sugar cane
133,COOPERATIVA AGRICOLA REGIONAL DE PRODUTORES DE CANA LTD,17.079035818050478,Brazil,BRA,2015,Sugar cane
134,"COOPERATIVA DE PRODUTORES DE CANA-DE-ACUCAR, ACUCAR E A",530.7820041780733,Brazil,BRA,2015,Sugar cane
135,COOPERVAL COOPERATIVA AGROINDUSTRIAL VALE DO IVAI,7.941365243059754,Brazil,BRA,2015,Sugar cane
136,COPERSUCAR S.A.,5.228685057855916,Brazil,BRA,2015,Sugar cane
137,COPERTRADING COMERCIO EXPORTACAO E IMPORTACAO,84.81717515083062,Brazil,BRA,2015,Sugar cane
138,COPLASA - ACUCAR E ALCOOL,7.995279983587104,Brazil,BRA,2015,Sugar cane
139,COSTA BIOENERGIA,18.730344106262525,Brazil,BRA,2015,Sugar cane
140,CZARNIKOW BRASIL LTDA.,42.51778010894391,Brazil,BRA,2015,Sugar cane
141,DA MATA S.A. - ACUCAR E ALCOOL,38.315635915517916,Brazil,BRA,2015,Sugar cane
142,DACALDA ACUCAR E ALCOOL,11.235870664466688,Brazil,BRA,2015,Sugar cane
143,DELLA COLETTA BIOENERGIA,17.783369921334014,Brazil,BRA,2015,Sugar cane
144,DESTILARIA AGUA BONITA LTDA,2.8437724674130735,Brazil,BRA,2015,Sugar cane
145,DESTILARIA ALCIDIA SA,6.873594474621277,Brazil,BRA,2015,Sugar cane
146,DIANA - DESTILARIA DE ALCOOL NOVA AVANHANDAVA S/A,4.973385056961022,Brazil,BRA,2015,Sugar cane
147,DISA DESTILARIA ITAUNAS SA,0.7578353728804982,Brazil,BRA,2015,Sugar cane
148,DISTRIBUIDORA DE ALIMENTOS PIARARA LTDA,0.03807670149895336,Brazil,BRA,2015,Sugar cane
149,DISTRIBUIDORA INTERNACIONAL DE PRODUTOS BRASILEIROS EIRELI,0.0006034651055560094,Brazil,BRA,2015,Sugar cane
150,E D & F MAN BRASIL S/A.,48.6374638751986,Brazil,BRA,2015,Sugar cane
151,EDEN STADIKOWSKI & CIA LTDA,2.686393050539654e-05,Brazil,BRA,2015,Sugar cane
152,EFX IMPORTACAO E EXPORTACAO LTDA,0.0004792625818446224,Brazil,BRA,2015,Sugar cane
153,EISA - EMPRESA INTERAGRICOLA,29.68499633288301,Brazil,BRA,2015,Sugar cane
154,ENERGETICA SAO SIMAO S/A,0.8300565193841365,Brazil,BRA,2015,Sugar cane
155,ENERGY COMERCIAL IMPORTADORA E EXPORTADORA LTDA,3.4141871518009226,Brazil,BRA,2015,Sugar cane
156,ENGELHART,4.477321750899424,Brazil,BRA,2015,Sugar cane
157,ETTICA COMERCIO IMPORTACAO E EXPORTACAO LTDA - EPP,9.262871963391735e-06,Brazil,BRA,2015,Sugar cane
158,EXPORTADORA E IMPORTADORA GLOBO,1.1679969784955019e-05,Brazil,BRA,2015,Sugar cane
159,"EXPORTRADE EXPORTACAO, IMPORTACAO E REPRESENTACOES LTDA",0.01518396072044153,Brazil,BRA,2015,Sugar cane
160,F. BRA AGROPECUARIA LTDA,4.3653203230790876e-05,Brazil,BRA,2015,Sugar cane
161,FERRARI AGROINDUSTRIA S/A,12.287142502253102,Brazil,BRA,2015,Sugar cane
162,FUNDACAO DE APOIO INST AO DESENV CIENT E TECNOLOGICO,3.58232617368741e-07,Brazil,BRA,2015,Sugar cane
163,GIVAUDAN DO BRASIL LTDA.,0.0027253262831561714,Brazil,BRA,2015,Sugar cane
164,GLENCANE BIOENERGIA S.A.,43.41673930074961,Brazil,BRA,2015,Sugar cane
165,GLOBAL MARITIME-COMERCIAL IMPORTADORA E EXPORTADORA LTD,0.0047693209955233,Brazil,BRA,2015,Sugar cane
166,GOIASA GOIATUBA ALCOOL LTDA,8.33538766109207,Brazil,BRA,2015,Sugar cane
167,GUARANI,102.60867257913945,Brazil,BRA,2015,Sugar cane
168,HARALD INDUSTRIA E COMERCIO DE ALIMENTOS S.A.,0.0008746350707300485,Brazil,BRA,2015,Sugar cane
169,HOSA TRADING IMPORTACAO E EXPORTACAO S.A.,0.10038934030168839,Brazil,BRA,2015,Sugar cane
170,IBERIA INDUSTRIAL E COMERCIAL LTDA,10.70640089282465,Brazil,BRA,2015,Sugar cane
171,IFF ESSENCIAS E FRAGRANCIAS LTDA,2.3029239687990495e-06,Brazil,BRA,2015,Sugar cane
172,INDUSTRIA DE PRODUTOS ALIMENTICIOS MAVALERIO LTDA,0.008783921276775426,Brazil,BRA,2015,Sugar cane
173,INDUSTRIAS ALMINA LTDA - EPP,0.06307183683875711,Brazil,BRA,2015,Sugar cane
174,INTERMARES COMERCIO EXTERIOR EIRELI - ME,0.00012794022048883612,Brazil,BRA,2015,Sugar cane
175,IRACEMA ZEFERINO RODRIGUES,5.25598640322976e-05,Brazil,BRA,2015,Sugar cane
176,ITAIQUARA ALIMENTOS,0.1358781498286219,Brazil,BRA,2015,Sugar cane
177,J A L FERREIRA ME  - ME,0.0002919992446238755,Brazil,BRA,2015,Sugar cane
178,J N DISTRIBUIDORA DE PRODUTOS DE HIGIENE E BELEZA,0.00030951919930130806,Brazil,BRA,2015,Sugar cane
179,J. C. DA SILVA COM. E REPRESENTACAO  - ME,0.0073642209494141405,Brazil,BRA,2015,Sugar cane
180,JALLES MACHADO,15.77908048758618,Brazil,BRA,2015,Sugar cane
181,JASMINE COMERCIO DE PRODUTOS ALIMENTICIOS,7.786646523303347e-07,Brazil,BRA,2015,Sugar cane
182,KRISKAN TRADING,0.00016994356037109554,Brazil,BRA,2015,Sugar cane
183,LIGHTSWEET - INDUSTRIA E COMERCIO DE ALIMENTOS LTDA,9.733308154129183e-07,Brazil,BRA,2015,Sugar cane
184,LOUIS DREYFUS,248.68787461321162,Brazil,BRA,2015,Sugar cane
185,M P ROCA IMPORTACAO E EXPORTACAO - ME,0.014413082714634495,Brazil,BRA,2015,Sugar cane
186,M S COMERCIAL IMPORTADORA E EXPORTADORA DE ALIMENTOS,0.8033444284859448,Brazil,BRA,2015,Sugar cane
187,MAIPUR IMPORT EXPORT COMERCIO LTDA - EPP,2.7635087625588597e-06,Brazil,BRA,2015,Sugar cane
188,MULTIPLA ENGENHARIA TRADING COMPANY,0.0021491144404317234,Brazil,BRA,2015,Sugar cane
189,N. CHAMI IMP. E EXP. - EPP,0.25134126980244714,Brazil,BRA,2015,Sugar cane
190,NARDINI AGROINDUSTRIAL,36.61635993806069,Brazil,BRA,2015,Sugar cane
191,NENACUCAR ACUCAR E ALCOOL LTDA,0.8281252363801944,Brazil,BRA,2015,Sugar cane
192,NUVA TRADING LTDA,1.2685864356128391,Brazil,BRA,2015,Sugar cane
193,ODEBRECHT SERVICOS DE EXPORTACAO S.A,0.19505569007491194,Brazil,BRA,2015,Sugar cane
194,PRODUTOS NATURAIS PLANETA VERDE LTDA,0.19019078799331507,Brazil,BRA,2015,Sugar cane
195,PRONUTRE- PRODUTOS NUTRIENTES INDUSTRIAIS LTDA - ME,7.942379453769414e-05,Brazil,BRA,2015,Sugar cane
196,QUISSAMA INDUSTRIA DE ALIMENTOS LTDA - ME,0.0028172087121311512,Brazil,BRA,2015,Sugar cane
197,RAIZEN ARARAQUARA ACUCAR E ALCOOL LTDA,22.630537720807876,Brazil,BRA,2015,Sugar cane
198,RAIZEN ENERGIA S.A,486.5328937772611,Brazil,BRA,2015,Sugar cane
199,RAIZEN TARUMA,8.925589771624935,Brazil,BRA,2015,Sugar cane
200,RARO DISTRIBUIDORA IMPORTACAO E EXPORTACAO LTDA - EPP,0.02161962407195174,Brazil,BRA,2015,Sugar cane
201,RENUKA DO BRASIL,20.38432243556742,Brazil,BRA,2015,Sugar cane
202,RENUKA VALE DO IVAI - EM RECUPERACAO JUDICIAL,14.520149104329919,Brazil,BRA,2015,Sugar cane
203,REVATI S.A. ACUCAR E ALCOOL,2.8435429560067997,Brazil,BRA,2015,Sugar cane
204,RITANO COMERCIO E REPRESENTACOES LTDA - ME,9.733308154129183e-07,Brazil,BRA,2015,Sugar cane
205,RUI DE QUEIROZ LOPES DA SILVA - ME,0.3532022862970398,Brazil,BRA,2015,Sugar cane
206,S A USINA CORURIPE ACUCAR E ALCOOL,167.5126337610202,Brazil,BRA,2015,Sugar cane
207,SANCHEZ CANO LTDA,0.00016254624617395734,Brazil,BRA,2015,Sugar cane
208,SAO MARTINHO S/A,201.38744121256707,Brazil,BRA,2015,Sugar cane
209,SEM FRONTEIRAS COMERCIO IMPORTACAO E EXPORTACAO LTDA -,2.840272894852161e-06,Brazil,BRA,2015,Sugar cane
210,SJC BIOENERGIA,62.879513677613375,Brazil,BRA,2015,Sugar cane
211,SUCDEN DO BRASIL LTDA.,126.83588611348874,Brazil,BRA,2015,Sugar cane
212,TIMBRO COMERCIO EXTERIOR LTDA,2.9464670444179855,Brazil,BRA,2015,Sugar cane
213,TODOTEMPO COMERCIO E EXPORTACAO LTDA,8.409578245167612e-05,Brazil,BRA,2015,Sugar cane
214,TONON BIOENERGIA,70.71146563571563,Brazil,BRA,2015,Sugar cane
215,TRIBAL BRASIL ALIMENTOS LTDA - EPP,0.0007689313441762055,Brazil,BRA,2015,Sugar cane
216,TRIO COMERCIO DE ACUCAR E LOGISTICA LTDA - EPP,0.5840975743247601,Brazil,BRA,2015,Sugar cane
217,TRIUNFO AGROINDUSTRIAL,10.706638969542105,Brazil,BRA,2015,Sugar cane
218,U.S.A. - USINA SANTO ANGELO,45.35481634844969,Brazil,BRA,2015,Sugar cane
219,U.S.J. - ACUCAR E ALCOOL,11.879902446413636,Brazil,BRA,2015,Sugar cane
220,UNIALCO SA ALCOOL E ACUCAR,16.511789325466797,Brazil,BRA,2015,Sugar cane
221,"USACIGA - ACUCAR, ALCOOL E ENERGIA ELETRICA",10.555578026990018,Brazil,BRA,2015,Sugar cane
222,USINA ACUCAREIRA ESTER,15.329673015496754,Brazil,BRA,2015,Sugar cane
223,USINA ACUCAREIRA GUAIRA LIMITADA,32.3143689389295,Brazil,BRA,2015,Sugar cane
224,USINA ACUCAREIRA PASSOS SA,0.15558323218665643,Brazil,BRA,2015,Sugar cane
225,USINA ACUCAREIRA S. MANOEL,0.38404519317584446,Brazil,BRA,2015,Sugar cane
226,USINA ALTA MOGIANA S/A-ACUCAR E ALCOOL,8.692544979824458,Brazil,BRA,2015,Sugar cane
227,USINA ALTO ALEGRE S/A - ACUCAR E ALCOOL,114.2291823632456,Brazil,BRA,2015,Sugar cane
228,USINA BAZAN SA,0.9460775525813565,Brazil,BRA,2015,Sugar cane
229,USINA BELA VISTA S/A,1.1247810902911686,Brazil,BRA,2015,Sugar cane
230,USINA BOM JESUS SA,0.07591980360220763,Brazil,BRA,2015,Sugar cane
231,USINA CAETE,54.89009392419972,Brazil,BRA,2015,Sugar cane
232,USINA CENTRAL OLHO D'AGUA S/A,16.356739673233154,Brazil,BRA,2015,Sugar cane
233,USINA COLOMBO S/A. - ACUCAR E ALCOOL,11.936448100135058,Brazil,BRA,2015,Sugar cane
234,USINA CONQUISTA DO PONTAL,66.19459336579654,Brazil,BRA,2015,Sugar cane
235,USINA DE ACUCAR E ALCOOL GOIOERE,15.383463559012059,Brazil,BRA,2015,Sugar cane
236,USINA DE ACUCAR SANTA TEREZINHA LTDA,248.72063809645533,Brazil,BRA,2015,Sugar cane
237,USINA DELTA,89.02532537938623,Brazil,BRA,2015,Sugar cane
238,USINA ELDORADO,17.98920563952195,Brazil,BRA,2015,Sugar cane
239,USINA FRUTAL ACUCAR E ALCOOL,22.044152429734574,Brazil,BRA,2015,Sugar cane
240,USINA GOIANESIA,1.1539810147535559,Brazil,BRA,2015,Sugar cane
241,USINA GUARIROBA,23.715213493514604,Brazil,BRA,2015,Sugar cane
242,USINA IPOJUCA S/A,4.988320428991207,Brazil,BRA,2015,Sugar cane
243,USINA ITAJOBI- ACUCAR E ALCOOL,20.15320853743855,Brazil,BRA,2015,Sugar cane
244,USINA ITAPAGIPE ACUCAR E ALCOOL,13.00968197977428,Brazil,BRA,2015,Sugar cane
245,USINA MONTE ALEGRE,10.955005935038809,Brazil,BRA,2015,Sugar cane
246,USINA NAVIRAI S/A- A<U+00C7>UCAR E ALCOOL EM RECUPERA<U+00C7>AO JUDI,1.6850844248361816,Brazil,BRA,2015,Sugar cane
247,USINA OUROESTE - ACUCAR E ALCOOL,23.457413005754916,Brazil,BRA,2015,Sugar cane
248,USINA PETRIBU SA,13.434048180643257,Brazil,BRA,2015,Sugar cane
249,USINA RIO PARDO S/A,20.701848448822474,Brazil,BRA,2015,Sugar cane
250,USINA SANTA FE S/A.,40.38271686682967,Brazil,BRA,2015,Sugar cane
251,USINA SANTA ISABEL,37.37083615163102,Brazil,BRA,2015,Sugar cane
252,USINA SAO DOMINGOS-ACUCAR E ETANOL S/A,23.245931579505264,Brazil,BRA,2015,Sugar cane
253,USINA SAO FRANCISCO S/A,10.677999294297067,Brazil,BRA,2015,Sugar cane
254,USINA SAO JOSE,9.491550299535293,Brazil,BRA,2015,Sugar cane
255,USINA SAO JOSE DO PINHEIRO LTDA,2.4598016367115267,Brazil,BRA,2015,Sugar cane
256,USINA SERRA GRANDE SA,16.069107763978035,Brazil,BRA,2015,Sugar cane
257,USINA TRAPICHE S/A,15.59275966291495,Brazil,BRA,2015,Sugar cane
258,USINA UNIAO E INDUSTRIA SA,0.6407510731005214,Brazil,BRA,2015,Sugar cane
259,USINA VERTENTE LTDA.,9.12000695668494,Brazil,BRA,2015,Sugar cane
260,USINAS ITAMARATI,1.4600137430740547,Brazil,BRA,2015,Sugar cane
261,USIVALE INDUSTRIA E COMERCIO LTDA,4.2684371712652895,Brazil,BRA,2015,Sugar cane
262,VA&E TRADING DO BRASIL LTDA,21.130428004125207,Brazil,BRA,2015,Sugar cane
263,VALE DO TIJUCO ACUCAR E ALCOOL,38.08655861478721,Brazil,BRA,2015,Sugar cane
264,WD AGROINDUSTRIAL LTDA,24.93908297013958,Brazil,BRA,2015,Sugar cane
265,WILMAR SUGAR BRASIL COMERCIAL LTDA.,19.24703287630121,Brazil,BRA,2015,Sugar cane
266,WORLD TROTTER COMERCIAL IMPORTADORA E EXPORTADORA LTDA,0.00019505549540874888,Brazil,BRA,2015,Sugar cane
267,ZOGBI EXPORT COMERCIAL EXPORTADORA E IMPORTADORA LTDA,0.003895269923282499,Brazil,BRA,2015,Sugar cane
268,"4PL COMERCIAL, IMPORTADORA LTDA",0.0016834303465740538,Brazil,BRA,2016,Sugar cane
269,A . F DE CARVALHO XAVIER & CIA LTDA - ME,0.03443380254356018,Brazil,BRA,2016,Sugar cane
270,A. E. GLOBAL IMPORTACAO E EXPORTACAO LTDA. - EPP,0.00021042879332175673,Brazil,BRA,2016,Sugar cane
271,A.R.G.,0.0019129890301977884,Brazil,BRA,2016,Sugar cane
272,ABENGOA BIOENERGIA AGROINDUSTRIA,62.58982818446615,Brazil,BRA,2016,Sugar cane
273,ACUCAR E ALCOOL OSWALDO RIBEIRO DE,209.05156403391004,Brazil,BRA,2016,Sugar cane
274,ACUCAREIRA VIRGOLINO DE OLIVEIRA S/A,4.591173672474691,Brazil,BRA,2016,Sugar cane
275,ADECOAGRO,200.86327465665659,Brazil,BRA,2016,Sugar cane
276,ADM,12.329041365416415,Brazil,BRA,2016,Sugar cane
277,AGROINDUSTRIAL SANTA JULIANA,79.29926090866273,Brazil,BRA,2016,Sugar cane
278,AGROINDUSTRIAL VISTA ALEGRE,2.999425238161897,Brazil,BRA,2016,Sugar cane
279,AGROVAL-AGROINDUSTRIAL VALE DO PARAIBA,2.8596316517911635,Brazil,BRA,2016,Sugar cane
280,AKILA TRADING EXPORTADORA E IMPORTADORA,6.599046958570292,Brazil,BRA,2016,Sugar cane
281,ALCOOLVALE S/A ALCOOL E ACUCAR,38.34050032387838,Brazil,BRA,2016,Sugar cane
282,ALECON COMERCIAL EXPORTADORA E REPRESENTACAO,0.026574785181136894,Brazil,BRA,2016,Sugar cane
283,ALIANCA COMERCIO DE ALIMENTOS LTDA,0.02858005611115496,Brazil,BRA,2016,Sugar cane
284,ALIMENTOS ZAELI,0.0002773834093786793,Brazil,BRA,2016,Sugar cane
285,ALMEIDA E SOUZA INDUSTRIA E COMERCIO LTDA  - ME,0.01147793418118673,Brazil,BRA,2016,Sugar cane
286,AMYRIS BRASIL LTDA,2.1625071519251523e-05,Brazil,BRA,2016,Sugar cane
287,ANDRADE ACUCAR E ALCOOL,28.4279528229727,Brazil,BRA,2016,Sugar cane
288,ANTONIO RUETTE AGROINDUSTRIAL,54.99478578291022,Brazil,BRA,2016,Sugar cane
289,ARALCO - INDUSTRIA E COMERCIO,1.4921314435542752,Brazil,BRA,2016,Sugar cane
290,ARAPORA BIOENERGIA S/A,1.4003079701047807,Brazil,BRA,2016,Sugar cane
291,ARAUJO & SARAIVA LTDA,0.23529765071432795,Brazil,BRA,2016,Sugar cane
292,ARCO IRIS BRASIL IND COM DE PRODUTOS ALIMENTICIOS LTDA,0.00010712738569107613,Brazil,BRA,2016,Sugar cane
293,ARM IMPORTADORA E EXPORTADORA EIRELI,2.8312237646927266e-05,Brazil,BRA,2016,Sugar cane
294,BALAVAN COMERCIO DE PRODUTOS TEXTEIS E DE BAZAR LTDA,1.5303912241582305e-06,Brazil,BRA,2016,Sugar cane
295,BIG TRADING E EMPREENDIMENTOS LTDA,1.1017010952294755,Brazil,BRA,2016,Sugar cane
296,BIOENERGETICA VALE DO PARACATU SA,47.361965291388124,Brazil,BRA,2016,Sugar cane
297,BIOENERGIA DO BRASIL,19.233557090513333,Brazil,BRA,2016,Sugar cane
298,BOM SUCESSO AGROINDUSTRIA LTDA,17.216345739765725,Brazil,BRA,2016,Sugar cane
299,BP BIOENERGIA,117.91132073811625,Brazil,BRA,2016,Sugar cane
300,BP BIOENERGIA ITUMBIARA S.A.,38.56209370377818,Brazil,BRA,2016,Sugar cane
301,BRANCO PERES ACUCAR E ALCOOL S/A,29.980586370585048,Brazil,BRA,2016,Sugar cane
302,BUNGE,93.25042667860464,Brazil,BRA,2016,Sugar cane
303,BVR TRADING IMPORTACAO E EXPORTACAO LTDA EPP,6.241875730575959e-06,Brazil,BRA,2016,Sugar cane
304,CACU COMERCIO E INDUSTRIA DE ACUCAR E ALCOOL LTDA,14.573203230543983,Brazil,BRA,2016,Sugar cane
305,CAMIL ALIMENTOS,0.16912353418172604,Brazil,BRA,2016,Sugar cane
306,CANEX EXPORTACAO LTDA,110.33363373823789,Brazil,BRA,2016,Sugar cane
307,CENTRAL ACUCAREIRA SANTO ANTONIO,79.43451267647795,Brazil,BRA,2016,Sugar cane
308,CENTRAL ENERGETICA MORENO ACUCAR E ALCOOL,12.20040892224347,Brazil,BRA,2016,Sugar cane
309,CENTRAL ENERGETICA MORENO DE MONTE APRAZIVEL ACUCAR E ALCOOL,16.538555361671957,Brazil,BRA,2016,Sugar cane
310,CENTRAL ENERGETICA VALE DO SAPUCAI,66.39586448201533,Brazil,BRA,2016,Sugar cane
311,CLEALCO ACUCAR E ALCOOL,280.8670400700241,Brazil,BRA,2016,Sugar cane
312,COFCO,414.95927980983436,Brazil,BRA,2016,Sugar cane
313,COIMBRA IMPORTACAO E EXPORTACAO,0.10376167279134613,Brazil,BRA,2016,Sugar cane
314,COMPANHIA AGRO INDUSTRIAL DE GOIANA,8.023489198280046,Brazil,BRA,2016,Sugar cane
315,COMPANHIA ALCOOLQUIMICA NACIONAL-ALCOOLQUIMICA,5.81738051094117,Brazil,BRA,2016,Sugar cane
316,COMPANHIA ENERGETICA SAO JOSE,43.96696912077949,Brazil,BRA,2016,Sugar cane
317,COMPANHIA ENERGETICA VALE DO SAO SIMAO,0.5681577419687431,Brazil,BRA,2016,Sugar cane
318,COMPANHIA USINA SAO JOAO,0.6714170638407595,Brazil,BRA,2016,Sugar cane
319,CONSTRUTORA KMK LTDA - EPP,0.3489513897808269,Brazil,BRA,2016,Sugar cane
320,CONSTRUTORA NORBERTO ODEBRECHT,0.015082005514079365,Brazil,BRA,2016,Sugar cane
321,COOPERATIVA AGRICOLA DO VALE DO SATUBA - COPERVALES,13.772415309764622,Brazil,BRA,2016,Sugar cane
322,COOPERATIVA AGRICOLA REGIONAL DE PRODUTORES DE CANA LTD,59.740734424046735,Brazil,BRA,2016,Sugar cane
323,COOPERATIVA AGROPECUARIA DE PRODUCAO E COMERCIALIZACAO,0.00025648340639112263,Brazil,BRA,2016,Sugar cane
324,"COOPERATIVA DE PRODUTORES DE CANA-DE-ACUCAR, ACUCAR E A",802.8247238159644,Brazil,BRA,2016,Sugar cane
325,"COOPERATIVA DE PRODUTORES DE CANA-DE-ACUCAR, ACUCAR E ALCOOL",175.4674714273919,Brazil,BRA,2016,Sugar cane
326,COOPERATIVA DOS TRABALHADORES DA REFORMA AGRARIA TERRA LIVRE,0.05165070381534029,Brazil,BRA,2016,Sugar cane
327,COOPERVAL COOPERATIVA AGROINDUSTRIAL VALE DO IVAI,28.29502074565549,Brazil,BRA,2016,Sugar cane
328,COPERSUCAR S.A.,44.00613374519473,Brazil,BRA,2016,Sugar cane
329,COPERTRADING COMERCIO EXPORTACAO E IMPORTACAO,87.32487476907791,Brazil,BRA,2016,Sugar cane
330,COPLASA - ACUCAR E ALCOOL,36.641009286602404,Brazil,BRA,2016,Sugar cane
331,CORIB IMPORTACAO E EXPORTACAO LTDA,0.0007345877875959507,Brazil,BRA,2016,Sugar cane
332,COSTA BIOENERGIA,41.951849432237495,Brazil,BRA,2016,Sugar cane
333,CZARNIKOW BRASIL LTDA.,135.64983328538014,Brazil,BRA,2016,Sugar cane
334,DA MATA S.A. - ACUCAR E ALCOOL,96.24011174182037,Brazil,BRA,2016,Sugar cane
335,DACALDA ACUCAR E ALCOOL,33.08273797187515,Brazil,BRA,2016,Sugar cane
336,DACOLONIA ALIMENTOS NATURAIS LTDA.,0.012698134876564177,Brazil,BRA,2016,Sugar cane
337,DELLA COLETTA BIOENERGIA,40.84780416025041,Brazil,BRA,2016,Sugar cane
338,DESTILARIA AGUA BONITA LTDA,12.813348207017913,Brazil,BRA,2016,Sugar cane
339,DIANA - DESTILARIA DE ALCOOL NOVA AVANHANDAVA S/A,8.539307560382577,Brazil,BRA,2016,Sugar cane
340,DIANA BIOENERGIA AVANHANDAVA SA,4.8506977988652515,Brazil,BRA,2016,Sugar cane
341,DISTRIBUIDORA DC LTDA - EPP,0.02295586836237346,Brazil,BRA,2016,Sugar cane
342,DISTRIBUIDORA DE ALIMENTOS PIARARA LTDA,0.015954328511849553,Brazil,BRA,2016,Sugar cane
343,DISTRIBUIDORA INTERNACIONAL DE PRODUTOS BRASILEIROS EIRELI,0.0007651956120791153,Brazil,BRA,2016,Sugar cane
344,E D & F MAN BRASIL S/A.,78.16922117653769,Brazil,BRA,2016,Sugar cane
345,E. M. C. AGUIAR EIRELI  - ME,0.01147793418118673,Brazil,BRA,2016,Sugar cane
346,EFX IMPORTACAO E EXPORTACAO LTDA,0.002850353654994705,Brazil,BRA,2016,Sugar cane
347,ENERFO SUGAR DO BRASIL LTDA.,39.17964788328908,Brazil,BRA,2016,Sugar cane
348,ENERGY COMERCIAL IMPORTADORA E EXPORTADORA LTDA,2.456427893113928,Brazil,BRA,2016,Sugar cane
349,ENGELHART,6.321209405595844,Brazil,BRA,2016,Sugar cane
350,ETTICA COMERCIO IMPORTACAO E EXPORTACAO LTDA - EPP,1.2069807359582244e-05,Brazil,BRA,2016,Sugar cane
351,EXPORTADORA DE ARMARINHOS LIDER,0.04780559586464274,Brazil,BRA,2016,Sugar cane
352,EXPORTADORA E IMPORTADORA GLOBO,6.121564896632922e-05,Brazil,BRA,2016,Sugar cane
353,F.A.L. COMERCIO DE IMPORTACAO E EXPORTACAO LTDA,0.02043072284251238,Brazil,BRA,2016,Sugar cane
354,FENG E BANDEIRA - REPRESENTANTE DO COMERCIO DE MERCADORIA EM,0.06886760508712036,Brazil,BRA,2016,Sugar cane
355,FERRARI AGROINDUSTRIA S/A,30.92984863935638,Brazil,BRA,2016,Sugar cane
356,FREEDOM COMERCIO DE ELETRONICOS LTDA - ME,0.03443380254356018,Brazil,BRA,2016,Sugar cane
357,FRIOS RORAIMA DISTRIBUIDORA DE ALIMENTOS LTDA,0.0860845063589005,Brazil,BRA,2016,Sugar cane
358,"GEDALIS COMERCIO, IMPORTACAO E EXPORTACAO LTDA - ME",0.020660281526136116,Brazil,BRA,2016,Sugar cane
359,GIVAUDAN DO BRASIL LTDA.,0.003825978060395577,Brazil,BRA,2016,Sugar cane
360,GLENCANE BIOENERGIA S.A.,114.8039780497938,Brazil,BRA,2016,Sugar cane
361,GLOBAL COMERCIO DE ELETRODOMESTICOS LTDA - EPP,0.01147793418118673,Brazil,BRA,2016,Sugar cane
362,GLOBAL MARITIME-COMERCIAL IMPORTADORA E EXPORTADORA LTD,0.009373646247969162,Brazil,BRA,2016,Sugar cane
363,GOIASA GOIATUBA ALCOOL LTDA,20.199620759339084,Brazil,BRA,2016,Sugar cane
364,GSR COMERCIO IMPORTACAO E EXPORTACAO,0.04591173672474692,Brazil,BRA,2016,Sugar cane
365,GUARANI,197.9935114323636,Brazil,BRA,2016,Sugar cane
366,HOSA TRADING IMPORTACAO E EXPORTACAO S.A.,3.3882861702863227,Brazil,BRA,2016,Sugar cane
367,I.B.P. - INDUSTRIA BENEFICIADORA DE PESCADO LTDA - EPP,0.04591173672474692,Brazil,BRA,2016,Sugar cane
368,IBERIA INDUSTRIAL E COMERCIAL LTDA,31.198839383261774,Brazil,BRA,2016,Sugar cane
369,IFF ESSENCIAS E FRAGRANCIAS LTDA,9.564945150988942e-05,Brazil,BRA,2016,Sugar cane
370,INDUSTRIA DE PRODUTOS ALIMENTICIOS MAVALERIO LTDA,0.01844771841380935,Brazil,BRA,2016,Sugar cane
371,J A L FERREIRA ME  - ME,0.2460601269982207,Brazil,BRA,2016,Sugar cane
372,J. D. S. SOBRINHO - ME,0.013658741675612205,Brazil,BRA,2016,Sugar cane
373,J. F. RIBEIRO SOBRINHO & CIA LTDA - ME,0.08594294517066585,Brazil,BRA,2016,Sugar cane
374,JALLES MACHADO,30.77964035810744,Brazil,BRA,2016,Sugar cane
375,JPM COMERCIO E EXPORTACAO LTDA,0.0007862384914112911,Brazil,BRA,2016,Sugar cane
376,K F M IMPORTADORA E EXPORTADORA LTDA - EPP,0.0002295586836237346,Brazil,BRA,2016,Sugar cane
377,KOTAH BR COMERCIO IMPORTACAO E EXPORTACAO LTDA - EPP,0.0004591173672474692,Brazil,BRA,2016,Sugar cane
378,KRISKAN TRADING,0.0030814427298425967,Brazil,BRA,2016,Sugar cane
379,L. SANTOS DE SOUSA COMERCIO DE ALIMENTOS LTDA - ME,0.01744645995540383,Brazil,BRA,2016,Sugar cane
380,LOUIS DREYFUS,708.7106694399274,Brazil,BRA,2016,Sugar cane
381,M S COMERCIAL IMPORTADORA E EXPORTADORA DE ALIMENTOS,1.0855302163594076,Brazil,BRA,2016,Sugar cane
382,M. DA C. LIRA ALIMENTOS - EPP,0.03443380254356018,Brazil,BRA,2016,Sugar cane
383,M. DA C. LIRA CEREAIS - EPP,0.03443380254356018,Brazil,BRA,2016,Sugar cane
384,MAIPUR IMPORT EXPORT COMERCIO LTDA - EPP,1.629423993543603e-05,Brazil,BRA,2016,Sugar cane
385,MANAUS TRADING COMERCIO DE PECAS E ACESSORIOS LTDA - ME,0.10330140763068055,Brazil,BRA,2016,Sugar cane
386,MARIA ELISABETE MACHADO DA SILVA,0.08862112981294276,Brazil,BRA,2016,Sugar cane
387,"MBR COMERCIO, EXPORTACAO E IMPORTACAO LTDA.",6.789266639765012e-06,Brazil,BRA,2016,Sugar cane
388,MENDES E DAMASCENO LTDA,0.040700754606488136,Brazil,BRA,2016,Sugar cane
389,MERCANTIL NOVA ERA LTDA,0.09469295699479051,Brazil,BRA,2016,Sugar cane
390,MIX INDUSTRIA DE PRODUTOS ALIMENTICIOS LTDA,0.0018001226774161183,Brazil,BRA,2016,Sugar cane
391,MONTEVERDE AGRO-ENERGETICA,1.4576976410107148,Brazil,BRA,2016,Sugar cane
392,N CHAMI IMP E EXP EIRELI - EPP,0.15681153678337312,Brazil,BRA,2016,Sugar cane
393,N. CHAMI IMP. E EXP. - EPP,0.3849010448319158,Brazil,BRA,2016,Sugar cane
394,NARDINI AGROINDUSTRIAL,101.32915687851191,Brazil,BRA,2016,Sugar cane
395,NENACUCAR ACUCAR E ALCOOL LTDA,1.133148721896897,Brazil,BRA,2016,Sugar cane
396,NUVA TRADING LTDA,22.863252528867655,Brazil,BRA,2016,Sugar cane
397,ODEBRECHT SERVICOS DE EXPORTACAO S.A,7.651956120791153e-07,Brazil,BRA,2016,Sugar cane
398,PEROVI IMPORTACAO E EXPORTACAO LTDA - ME,3.825978060395576e-06,Brazil,BRA,2016,Sugar cane
399,POPINHAK IMPORT E EXPORT EIRELI - EPP,0.008608450635890046,Brazil,BRA,2016,Sugar cane
400,POPINHAK IMPORT E EXPORT LTDA - EPP,0.003179387768188724,Brazil,BRA,2016,Sugar cane
401,PRODUTOS NATURAIS PLANETA VERDE LTDA,0.36859281334947963,Brazil,BRA,2016,Sugar cane
402,PV COMERCIO DE ELETRONICOS LTDA - EPP,0.01147793418118673,Brazil,BRA,2016,Sugar cane
403,RAIZEN ARARAQUARA ACUCAR E ALCOOL LTDA,66.42629210293184,Brazil,BRA,2016,Sugar cane
404,RAIZEN CAARAPO ACUCAR E ALCOOL LTDA,2.3622181571481646,Brazil,BRA,2016,Sugar cane
405,RAIZEN ENERGIA S.A,1267.858814625105,Brazil,BRA,2016,Sugar cane
406,RAIZEN PARAGUACU,5.165184395680228,Brazil,BRA,2016,Sugar cane
407,RAIZEN TARUMA,7.470145643361155,Brazil,BRA,2016,Sugar cane
408,RCMA COMMODITIES DO BRASIL IMPORTACAO E EXPORTACAO LTDA,2.468521044567226,Brazil,BRA,2016,Sugar cane
409,RCMA COMMODITIES DO BRASIL IMPORTACAO E EXPORTACAO LTDA.,4.2743826890739385,Brazil,BRA,2016,Sugar cane
410,RECOFARMA INDUSTRIA DO AMAZONAS LTDA,3.4433802543560186e-05,Brazil,BRA,2016,Sugar cane
411,RENUKA DO BRASIL,67.7728848714599,Brazil,BRA,2016,Sugar cane
412,RENUKA VALE DO IVAI - EM RECUPERACAO JUDICIAL,11.38304648190866,Brazil,BRA,2016,Sugar cane
413,REVATI S.A. ACUCAR E ALCOOL,3.635262236432202,Brazil,BRA,2016,Sugar cane
414,REVATI S.A. ACUCAR E ALCOOL - EM RECUPERACAO JUDICIAL,3.347419368232013,Brazil,BRA,2016,Sugar cane
415,RICCA COMERCIO LTDA - EPP,1.1013077846848667,Brazil,BRA,2016,Sugar cane
416,RODRIGUES & RUFINO LTDA,0.005738967090593365,Brazil,BRA,2016,Sugar cane
417,RODRIGUES E RUFINO & CIA LTDA,0.17697826713971818,Brazil,BRA,2016,Sugar cane
418,RONDONIA COMERCIO DE GENEROS ALIMENTICIOS EIRELI  - ME,0.028940463244444214,Brazil,BRA,2016,Sugar cane
419,RORAIMA MADEIRAS LTDA - EPP,0.006737547364356611,Brazil,BRA,2016,Sugar cane
420,ROSELI DE PAULA GIRELE - ME,0.01147793418118673,Brazil,BRA,2016,Sugar cane
421,RUI DE QUEIROZ LOPES DA SILVA - ME,0.6272461471334925,Brazil,BRA,2016,Sugar cane
422,S A USINA CORURIPE ACUCAR E ALCOOL,370.07935618688106,Brazil,BRA,2016,Sugar cane
423,SA LEAO IRMAOS ACUCAR E ALCOOL,4.3172336433503675,Brazil,BRA,2016,Sugar cane
424,SANCHEZ CANO LTDA,3.022522667712506e-05,Brazil,BRA,2016,Sugar cane
425,SAO MARTINHO S/A,489.8595776796139,Brazil,BRA,2016,Sugar cane
426,SHOPBRAS COMERCIO E DISTRIBUICAO EPP,7.269358314751594e-06,Brazil,BRA,2016,Sugar cane
427,SJC BIOENERGIA,158.5065089579619,Brazil,BRA,2016,Sugar cane
428,STELA MARIS TRANSPORTES E LOGISTICA LTDA,0.36572524279321317,Brazil,BRA,2016,Sugar cane
429,SUCDEN DO BRASIL LTDA.,441.1762710748963,Brazil,BRA,2016,Sugar cane
430,SUDZUCKER DO BRASIL S/A - IMPORTACAO E EXPORTACAO,0.5474974604426069,Brazil,BRA,2016,Sugar cane
431,T W COMERCIO ATACADISTA E VAREJISTA DE ARTIGOS ESPORTIVOS LT,0.01147793418118673,Brazil,BRA,2016,Sugar cane
432,T W COMERCIO DE ARTIGOS ESPORTIVOS LTDA - ME,0.11491707702204156,Brazil,BRA,2016,Sugar cane
433,TAED-COMERCIO IMPORTACAO E EXPORTACAO LTDA - ME,0.25664660829133534,Brazil,BRA,2016,Sugar cane
434,TENDA ATACADO,0.006185841328047567,Brazil,BRA,2016,Sugar cane
435,TIMBRO COMERCIO EXTERIOR LTDA,4.971858489484052,Brazil,BRA,2016,Sugar cane
436,TONON BIOENERGIA,97.15496622469895,Brazil,BRA,2016,Sugar cane
437,TRADEBRAS COMERCIO IMPORTACAO E EXPORTACAO,6.437230591777197e-06,Brazil,BRA,2016,Sugar cane
438,TRIBAL BRASIL ALIMENTOS LTDA - EPP,0.0040651016891703005,Brazil,BRA,2016,Sugar cane
439,TRIUNFO AGROINDUSTRIAL,0.3825978060395577,Brazil,BRA,2016,Sugar cane
440,U.S.A. - USINA SANTO ANGELO,101.38165503646758,Brazil,BRA,2016,Sugar cane
441,U.S.J. - ACUCAR E ALCOOL,43.316313344285646,Brazil,BRA,2016,Sugar cane
442,UNIALCO SA ALCOOL E ACUCAR,47.662610264776205,Brazil,BRA,2016,Sugar cane
443,"USACIGA - ACUCAR, ALCOOL E ENERGIA ELETRICA",3.9024976216034886,Brazil,BRA,2016,Sugar cane
444,USINA ACUCAREIRA ESTER,42.000445857767225,Brazil,BRA,2016,Sugar cane
445,USINA ACUCAREIRA GUAIRA LIMITADA,92.62199677385925,Brazil,BRA,2016,Sugar cane
446,USINA ACUCAREIRA S. MANOEL,1.112471988665101,Brazil,BRA,2016,Sugar cane
447,USINA ALTA MOGIANA S/A-ACUCAR E ALCOOL,60.93681168528759,Brazil,BRA,2016,Sugar cane
448,USINA ALTO ALEGRE S/A - ACUCAR E ALCOOL,254.47101292682146,Brazil,BRA,2016,Sugar cane
449,USINA BATATAIS S/A ACUCAR E ALCOOL,69.449123144476,Brazil,BRA,2016,Sugar cane
450,USINA BAZAN SA,4.633182911577836,Brazil,BRA,2016,Sugar cane
451,USINA BELA VISTA S/A,3.7590234443386543,Brazil,BRA,2016,Sugar cane
452,USINA BOM JESUS SA,1.9346172841732043,Brazil,BRA,2016,Sugar cane
453,USINA CAETE,68.25809617427488,Brazil,BRA,2016,Sugar cane
454,USINA CENTRAL OLHO D'AGUA S/A,10.374491500744163,Brazil,BRA,2016,Sugar cane
455,USINA COLOMBO S/A. - ACUCAR E ALCOOL,57.9130295055976,Brazil,BRA,2016,Sugar cane
456,USINA CONQUISTA DO PONTAL,105.87271204544909,Brazil,BRA,2016,Sugar cane
457,USINA DE ACUCAR E ALCOOL GOIOERE,13.639611785310233,Brazil,BRA,2016,Sugar cane
458,USINA DE ACUCAR SANTA TEREZINHA LTDA,578.3254317033668,Brazil,BRA,2016,Sugar cane
459,USINA DELTA,227.87956553703242,Brazil,BRA,2016,Sugar cane
460,USINA ELDORADO,57.00222979426742,Brazil,BRA,2016,Sugar cane
461,USINA FRUTAL ACUCAR E ALCOOL,41.33516834091999,Brazil,BRA,2016,Sugar cane
462,USINA GUARIROBA,55.174823302107015,Brazil,BRA,2016,Sugar cane
463,USINA IPOJUCA S/A,8.501441855518841,Brazil,BRA,2016,Sugar cane
464,USINA ITAJOBI- ACUCAR E ALCOOL,45.83133417840551,Brazil,BRA,2016,Sugar cane
465,USINA ITAPAGIPE ACUCAR E ALCOOL,41.59182489675426,Brazil,BRA,2016,Sugar cane
466,USINA MONTE ALEGRE,25.021694503345483,Brazil,BRA,2016,Sugar cane
467,USINA OUROESTE - ACUCAR E ALCOOL,52.15403915882517,Brazil,BRA,2016,Sugar cane
468,USINA PETRIBU SA,11.02232140984258,Brazil,BRA,2016,Sugar cane
469,USINA RIO PARDO S/A,33.093443823683735,Brazil,BRA,2016,Sugar cane
470,USINA SANTA FE S/A.,90.49509386692449,Brazil,BRA,2016,Sugar cane
471,USINA SANTA ISABEL,101.44679690411951,Brazil,BRA,2016,Sugar cane
472,USINA SAO DOMINGOS-ACUCAR E ETANOL S/A,57.62221729582474,Brazil,BRA,2016,Sugar cane
473,USINA SAO FRANCISCO S/A,21.226390074255704,Brazil,BRA,2016,Sugar cane
474,USINA SAO JOSE,14.572339324697948,Brazil,BRA,2016,Sugar cane
475,USINA SAO JOSE DO PINHEIRO LTDA,3.0990422289204167,Brazil,BRA,2016,Sugar cane
476,USINA SERRA GRANDE SA,14.639837229639447,Brazil,BRA,2016,Sugar cane
477,USINA TRAPICHE S/A,30.56550916581664,Brazil,BRA,2016,Sugar cane
478,USINA UNIAO E INDUSTRIA SA,1.4456511664897527,Brazil,BRA,2016,Sugar cane
479,USINA VERTENTE LTDA.,21.210551290281284,Brazil,BRA,2016,Sugar cane
480,USINAS ITAMARATI,3.0607901002725817,Brazil,BRA,2016,Sugar cane
481,VA&E TRADING DO BRASIL LTDA,233.92545297022852,Brazil,BRA,2016,Sugar cane
482,VALE DO TIJUCO ACUCAR E ALCOOL,93.58674966260149,Brazil,BRA,2016,Sugar cane
483,VALE VERDE EMPREENDIMENTOS AGRICOLASEM RECUPERACAO JUD,1.648839678930017,Brazil,BRA,2016,Sugar cane
484,VITORIA TRADING LTDA - EPP,0.08569425659674013,Brazil,BRA,2016,Sugar cane
485,WD AGROINDUSTRIAL LTDA,55.02360802343259,Brazil,BRA,2016,Sugar cane
486,WEST MEAT IMPORTACAO E EXPORTACAO LTDA.,0.058537464324052324,Brazil,BRA,2016,Sugar cane
487,WILMAR SUGAR BRASIL COMERCIAL LTDA.,5.109387479440837,Brazil,BRA,2016,Sugar cane
488,WORLD TROTTER COMERCIAL IMPORTADORA E EXPORTADORA LTDA,0.0005738967090593365,Brazil,BRA,2016,Sugar cane
489,ZARDBRASIL COMERCIO LTDA,0.0007747605572301042,Brazil,BRA,2016,Sugar cane
490,ZIHUATANEJO DO BRASIL ACUCAR E ALCOOL S.A,6.9269332783461905,Brazil,BRA,2016,Sugar cane
491,A . F DE CARVALHO XAVIER & CIA LTDA - ME,0.28587507958303354,Brazil,BRA,2017,Sugar cane
492,A. E. GLOBAL IMPORTACAO E EXPORTACAO - EIRELI - EPP,0.0009750777908258505,Brazil,BRA,2017,Sugar cane
493,ABENGOA BIOENERGIA AGROINDUSTRIA,38.4252574868974,Brazil,BRA,2017,Sugar cane
494,AC VITA COMERCIO DE ALIMENTOS LTDA,1.0886442146889823,Brazil,BRA,2017,Sugar cane
495,ACUCAR E ALCOOL OSWALDO RIBEIRO DE,225.76233999066596,Brazil,BRA,2017,Sugar cane
496,ACUCAR NUMERO UM S.A.,0.044281828218823066,Brazil,BRA,2017,Sugar cane
497,ACUCAREIRA VIRGOLINO DE OLIVEIRA S/A,7.534692020017934,Brazil,BRA,2017,Sugar cane
498,ADECOAGRO,269.66760734962173,Brazil,BRA,2017,Sugar cane
499,AGROINDUSTRIAL SANTA JULIANA,81.69866690270601,Brazil,BRA,2017,Sugar cane
500,AGROINDUSTRIAL VISTA ALEGRE,4.4355424431171535,Brazil,BRA,2017,Sugar cane
501,"AGROPECUARIA 3 PODERES - COMERCIO, EXPORTACAO E IMPORTACAO L",0.10792338275731575,Brazil,BRA,2017,Sugar cane
502,AGROVAL-AGROINDUSTRIAL VALE DO PARAIBA,11.725935370901336,Brazil,BRA,2017,Sugar cane
503,AKILA TRADING EXPORTADORA E IMPORTADORA,10.290616430633909,Brazil,BRA,2017,Sugar cane
504,ALCOESTE BIOENERGIA FERNANDOPOLIS S.A,6.685615554191312,Brazil,BRA,2017,Sugar cane
505,ALCOESTE DESTILARIA FERNANDOPOLIS S A,20.49282610371106,Brazil,BRA,2017,Sugar cane
506,ALCOOL FERREIRA S A,3.5102870456791475,Brazil,BRA,2017,Sugar cane
507,ALCOOLVALE S/A ALCOOL E ACUCAR,29.42577169786407,Brazil,BRA,2017,Sugar cane
508,ALECON COMERCIAL EXPORTADORA E REPRESENTACAO,0.045152749972901605,Brazil,BRA,2017,Sugar cane
509,ALIMENTOS ZAELI,3.7673460100089684e-05,Brazil,BRA,2017,Sugar cane
510,AMAZONIA COMERCIO E ATACADO DE GENEROS ALIMENTICIOS EIRELI,0.213062475204646,Brazil,BRA,2017,Sugar cane
511,AMERICA FOZ IMPORTACAO E EXPORTACAO DE PRODUTOS AGRICOLAS E,5.090222018450441e-06,Brazil,BRA,2017,Sugar cane
512,AMYRIS BRASIL LTDA,0.0010637212263554733,Brazil,BRA,2017,Sugar cane
513,ANDRADE ACUCAR E ALCOOL,26.984656479990402,Brazil,BRA,2017,Sugar cane
514,ANJO QUIMICA DO BRASIL LTDA,0.0024647713675615543,Brazil,BRA,2017,Sugar cane
515,ANTONIO RUETTE AGROINDUSTRIAL,70.47099185074491,Brazil,BRA,2017,Sugar cane
516,APTI ALIMENTOS LTDA,9.972386497082564e-05,Brazil,BRA,2017,Sugar cane
517,ARALCO - INDUSTRIA E COMERCIO,1.5579850560048534,Brazil,BRA,2017,Sugar cane
518,ARAPORA BIOENERGIA S/A,3.7456283683042106,Brazil,BRA,2017,Sugar cane
519,ARAUJO & SARAIVA LTDA,4.122318647587342,Brazil,BRA,2017,Sugar cane
520,ARCO IRIS BRASIL IND COM DE PRODUTOS ALIMENTICIOS LTDA,0.00017019539621687573,Brazil,BRA,2017,Sugar cane
521,ARCOMEX COMERCIAL EXPORTADORA LTDA - EPP,0.0034393652985493643,Brazil,BRA,2017,Sugar cane
522,ARM IMPORTADORA E EXPORTADORA EIRELI,0.027968033668724242,Brazil,BRA,2017,Sugar cane
523,BIG TRADING E EMPREENDIMENTOS LTDA,5.777672755698177,Brazil,BRA,2017,Sugar cane
524,BIOENERGETICA AROEIRA S.A.,27.823349244411038,Brazil,BRA,2017,Sugar cane
525,BIOENERGETICA VALE DO PARACATU SA,44.00608286783517,Brazil,BRA,2017,Sugar cane
526,BIOENERGIA DO BRASIL,25.38885036319725,Brazil,BRA,2017,Sugar cane
527,BIOETAL COMERCIO E TRANSPORTES LTDA - ME,0.04487147874278727,Brazil,BRA,2017,Sugar cane
528,BIOFLEX AGROINDUSTRIAL S.A.,3.6057123606840555,Brazil,BRA,2017,Sugar cane
529,BLOOMING INTERNATIONAL COMERCIAL IMPORTADORA E EXPORTADORA,0.05279741019925972,Brazil,BRA,2017,Sugar cane
530,BOM SUCESSO AGROINDUSTRIA LTDA,18.802859393328976,Brazil,BRA,2017,Sugar cane
531,BOM SUCESSO AGROINDUSTRIA S.A.,10.587505457081498,Brazil,BRA,2017,Sugar cane
532,BP BIOENERGIA,112.08138349022398,Brazil,BRA,2017,Sugar cane
533,BP BIOENERGIA ITUMBIARA S.A.,37.89838927200868,Brazil,BRA,2017,Sugar cane
534,BRANCO PERES ACUCAR E ALCOOL S/A,34.33797781650619,Brazil,BRA,2017,Sugar cane
535,BUNGE,127.91983487439464,Brazil,BRA,2017,Sugar cane
536,BUTILAMIL INDUSTRIAS REUNIDAS S/A,0.43389084198571326,Brazil,BRA,2017,Sugar cane
537,BVR TRADING IMPORTACAO E EXPORTACAO LTDA EPP,3.19116367906642e-05,Brazil,BRA,2017,Sugar cane
538,C Q A COMERCIAL QUIMICA AMERICANA LTDA,1.3296515329443417e-06,Brazil,BRA,2017,Sugar cane
539,CACU COMERCIO E INDUSTRIA DE ACUCAR E ALCOOL LTDA,17.68449436435844,Brazil,BRA,2017,Sugar cane
540,CAMIL ALIMENTOS,1.0860793168819323,Brazil,BRA,2017,Sugar cane
541,CANEX EXPORTACAO LTDA,94.65131794669443,Brazil,BRA,2017,Sugar cane
542,CAPITAL GOLD IMPORTACAO COMERCIO E REPRESENTACAO LTDA,0.02304729323770192,Brazil,BRA,2017,Sugar cane
543,CENTRAL ACUCAREIRA SANTO ANTONIO,77.20477092919687,Brazil,BRA,2017,Sugar cane
544,CENTRAL ENERGETICA MORENO ACUCAR E ALCOOL,15.136150275676785,Brazil,BRA,2017,Sugar cane
545,CENTRAL ENERGETICA MORENO DE MONTE APRAZIVEL ACUCAR E ALCOOL,13.821727684956432,Brazil,BRA,2017,Sugar cane
546,CENTRAL ENERGETICA VALE DO SAPUCAI,71.71151950073906,Brazil,BRA,2017,Sugar cane
547,CILT BRASIL COMERCIO IMPORTACAO E EXPORTACAO EIRELI,7.528147842099771e-05,Brazil,BRA,2017,Sugar cane
548,CLEALCO ACUCAR E ALCOOL,300.8716767252874,Brazil,BRA,2017,Sugar cane
549,COFCO,569.7485695606007,Brazil,BRA,2017,Sugar cane
550,COIMBRA IMPORTACAO E EXPORTACAO,0.5770435019187183,Brazil,BRA,2017,Sugar cane
551,COMPANHIA AGRO INDUSTRIAL DE GOIANA,2.703624783653495,Brazil,BRA,2017,Sugar cane
552,COMPANHIA ALCOOLQUIMICA NACIONAL-ALCOOLQUIMICA,13.490445005523352,Brazil,BRA,2017,Sugar cane
553,COMPANHIA ENERGETICA SAO JOSE,66.37395209488473,Brazil,BRA,2017,Sugar cane
554,COMPANHIA USINA SAO JOAO,0.708278778568792,Brazil,BRA,2017,Sugar cane
555,CONSTRUTORA NORBERTO ODEBRECHT,0.013296515329443417,Brazil,BRA,2017,Sugar cane
556,COOPERATIVA AGRICOLA DO VALE DO SATUBA - COPERVALES,21.284583064821163,Brazil,BRA,2017,Sugar cane
557,COOPERATIVA AGRICOLA REGIONAL DE PRODUTORES DE CANA LTD,55.180538617190166,Brazil,BRA,2017,Sugar cane
558,COOPERATIVA DE COLONIZACAO AGROPECUARIA E INDUSTRIAL PINDORA,1.3487852185034108,Brazil,BRA,2017,Sugar cane
559,"COOPERATIVA DE PRODUTORES DE CANA-DE-ACUCAR, ACUCAR E ALCOOL",1722.17747019038,Brazil,BRA,2017,Sugar cane
560,COOPERVAL COOPERATIVA AGROINDUSTRIAL VALE DO IVAI,25.71324456125533,Brazil,BRA,2017,Sugar cane
561,COPERSUCAR S.A.,47.04543446956202,Brazil,BRA,2017,Sugar cane
562,COPERTRADING COMERCIO EXPORTACAO E IMPORTACAO,101.16573111524129,Brazil,BRA,2017,Sugar cane
563,COPLASA - ACUCAR E ALCOOL,52.70206815978192,Brazil,BRA,2017,Sugar cane
564,COSTA BIOENERGIA,23.68995814529169,Brazil,BRA,2017,Sugar cane
565,CRISTAIS DE OZ IMPORTACAO E EXPORTACAO DE COSMETICOS NATURAI,8.465448093078976e-05,Brazil,BRA,2017,Sugar cane
566,CZARNIKOW BRASIL LTDA.,89.8493301893555,Brazil,BRA,2017,Sugar cane
567,D.H.N. IMPORTACAO & EXPORTACAO DE COSMETICOS E VESTUARIOS LT,3.988954598833025e-05,Brazil,BRA,2017,Sugar cane
568,DA MATA S.A. - ACUCAR E ALCOOL,110.79837391696948,Brazil,BRA,2017,Sugar cane
569,DACALDA ACUCAR E ALCOOL,40.24126275252162,Brazil,BRA,2017,Sugar cane
570,DACOLONIA ALIMENTOS NATURAIS LTDA.,0.0026593030658886834,Brazil,BRA,2017,Sugar cane
571,DELLA COLETTA BIOENERGIA,37.37538147873728,Brazil,BRA,2017,Sugar cane
572,DESTILARIA AGUA BONITA LTDA,10.135239557534518,Brazil,BRA,2017,Sugar cane
573,DESTILARIA LONDRA LTDA,2.056952749560613,Brazil,BRA,2017,Sugar cane
574,"DIALCOOL EXPORTACAO, INDUSTRIA E COMERCIO DE BEBIDAS - EIREL",0.018502514474138546,Brazil,BRA,2017,Sugar cane
575,DIANA BIOENERGIA AVANHANDAVA SA,11.3355572155209,Brazil,BRA,2017,Sugar cane
576,DORAEXPORT COMERCIO INTERNACIONAL LTDA,0.010637212263554734,Brazil,BRA,2017,Sugar cane
577,DUAS RODAS INDUSTRIAL LTDA,0.0038706156124009784,Brazil,BRA,2017,Sugar cane
578,E D & F MAN BRASIL S/A.,60.24875585271293,Brazil,BRA,2017,Sugar cane
579,EFX IMPORTACAO E EXPORTACAO LTDA,0.0026593030658886834,Brazil,BRA,2017,Sugar cane
580,EMBRAIMPEX EMPRESA BRASILEIRA DE IMPORTACOES E EXPORTACOES L,8.9529869884919e-05,Brazil,BRA,2017,Sugar cane
581,ENERFO SUGAR DO BRASIL LTDA.,94.18847732850598,Brazil,BRA,2017,Sugar cane
582,ENERGY COMERCIAL IMPORTADORA E EXPORTADORA LTDA,3.6644739734253076,Brazil,BRA,2017,Sugar cane
583,ENGELHART,11.397967955957062,Brazil,BRA,2017,Sugar cane
584,ETTICA COMERCIO IMPORTACAO E EXPORTACAO LTDA - EPP,6.6912242775859455e-06,Brazil,BRA,2017,Sugar cane
585,EXPORTADORA DE ARMARINHOS LIDER,0.07756300608841994,Brazil,BRA,2017,Sugar cane
586,EXPORTADORA E IMPORTADORA GLOBO,0.0880975423099979,Brazil,BRA,2017,Sugar cane
587,EXPORTADORA E IMPORTADORA RIO BRANCO LTDA EPP,0.00882466219268362,Brazil,BRA,2017,Sugar cane
588,F. PACHE DO BRASIL IMPORTACAO E EXPORTACAO LTDA.,0.01152364661885096,Brazil,BRA,2017,Sugar cane
589,FARIAS E KLEIN LTDA,2.788202904481396e-06,Brazil,BRA,2017,Sugar cane
590,FENG E BANDEIRA - REPRESENTANTE DO COMERCIO DE MERCADORIA EM,0.026593030658886834,Brazil,BRA,2017,Sugar cane
591,FENIX PRESTADORA DE SERVICOS DE ENVASE E PREPARO DE ALIMENTO,0.011740823035898539,Brazil,BRA,2017,Sugar cane
592,FERRARI AGROINDUSTRIA S/A,27.886537387776787,Brazil,BRA,2017,Sugar cane
593,FRIOS RORAIMA DISTRIBUIDORA DE ALIMENTOS LTDA,0.19944772994165125,Brazil,BRA,2017,Sugar cane
594,GENERAL MILLS BRASIL ALIMENTOS,0.000159558183953321,Brazil,BRA,2017,Sugar cane
595,GIVAUDAN DO BRASIL LTDA.,0.006205040487073595,Brazil,BRA,2017,Sugar cane
596,GLENCANE BIOENERGIA S.A.,128.3269382731908,Brazil,BRA,2017,Sugar cane
597,GLOBAL MARITIME-COMERCIAL IMPORTADORA E EXPORTADORA LTDA,0.010725855699084358,Brazil,BRA,2017,Sugar cane
598,GOIASA GOIATUBA ALCOOL LTDA,26.128251688354784,Brazil,BRA,2017,Sugar cane
599,GOLD TRADE 01 IMPORTACAO E EXPORTACAO,0.0020565277042872486,Brazil,BRA,2017,Sugar cane
600,GSA GAMA SUCOS E ALIMENTOS LTDA.,0.0003324128832360854,Brazil,BRA,2017,Sugar cane
601,GUARANI,182.698058611176,Brazil,BRA,2017,Sugar cane
602,HONDA TRADING BRASIL LTDA,3.6246637758258156e-05,Brazil,BRA,2017,Sugar cane
603,IACO AGRICOLA S/A,48.11432848359783,Brazil,BRA,2017,Sugar cane
604,IBERIA INDUSTRIAL E COMERCIAL LTDA,25.874557442014957,Brazil,BRA,2017,Sugar cane
605,INAPEL EMBALAGENS LTDA,2.788202904481396e-06,Brazil,BRA,2017,Sugar cane
606,INDUSTRIA DE PRODUTOS ALIMENTICIOS MAVALERIO LTDA,0.011645088125526549,Brazil,BRA,2017,Sugar cane
607,INDUSTRIA E COMERCIO DE COSMETICOS NATURA LTDA,0.005737192176454552,Brazil,BRA,2017,Sugar cane
608,INFINITY IMPORTACAO E EXPORTACAO LTDA,0.0005651019015013453,Brazil,BRA,2017,Sugar cane
609,J A L FERREIRA ME  - ME,0.057972806836373285,Brazil,BRA,2017,Sugar cane
610,JALLES MACHADO,30.58539391536843,Brazil,BRA,2017,Sugar cane
611,JPM COMERCIO E EXPORTACAO LTDA,0.0013739732507091532,Brazil,BRA,2017,Sugar cane
612,KMK COMERCIO DE PRODUTOS ALIMENTICIOS  LTDA - EPP,0.013296515329443417,Brazil,BRA,2017,Sugar cane
613,KRISKAN TRADING,0.0024642875077235133,Brazil,BRA,2017,Sugar cane
614,LASA LINHARES AGROINDUSTRIAL SA,0.6648257664721707,Brazil,BRA,2017,Sugar cane
615,LIFENATURIS PRODUTOS NATURAIS EIRELI - ME,1.1080429441202846e-05,Brazil,BRA,2017,Sugar cane
616,LIMA & PERGHER INDUSTRIA E COMERCIO S/A,0.0034573716015569305,Brazil,BRA,2017,Sugar cane
617,LOUIS DREYFUS,911.8812245984185,Brazil,BRA,2017,Sugar cane
618,M S COMERCIAL IMPORTADORA E EXPORTADORA DE ALIMENTOS,1.5292220340442015,Brazil,BRA,2017,Sugar cane
619,MARIA ELISABETE MACHADO DA SILVA,0.037230242922441564,Brazil,BRA,2017,Sugar cane
620,MARNEW COMERCIO INTERNACIONAL LTDA,0.0007342267648467675,Brazil,BRA,2017,Sugar cane
621,"MBR COMERCIO, EXPORTACAO E IMPORTACAO LTDA.",7.515414108943136e-06,Brazil,BRA,2017,Sugar cane
622,MERCANTIL NOVA ERA LTDA,0.2972205528964699,Brazil,BRA,2017,Sugar cane
623,MIRIRI ALIMENTOS E BIOENERGIA,7.219736574975054,Brazil,BRA,2017,Sugar cane
624,MONTEVERDE AGRO-ENERGETICA,6.118865328006295,Brazil,BRA,2017,Sugar cane
625,MUNDO DA FARINHA IMPORTADORA E EXPORTADORA DE ALIMENTOS LTDA,0.04248236647757172,Brazil,BRA,2017,Sugar cane
626,N CHAMI IMP E EXP EIRELI - EPP,0.39378959799679614,Brazil,BRA,2017,Sugar cane
627,N. C. ACRE ALIMENTOS EXPORTACAO E IMPORTACAO LTDA - ME,0.016447789462521508,Brazil,BRA,2017,Sugar cane
628,NARDINI AGROINDUSTRIAL,104.14854549057017,Brazil,BRA,2017,Sugar cane
629,NELLO COMERCIO ATACADISTA DE ALIMENTOS LTDA - EPP,0.0026593030658886834,Brazil,BRA,2017,Sugar cane
630,NENACUCAR ACUCAR E ALCOOL LTDA,1.7291648375732853,Brazil,BRA,2017,Sugar cane
631,NOVA UNIALCO BIOENERGIA S.A.,12.226696764375038,Brazil,BRA,2017,Sugar cane
632,NOVA UNIALCO SPE II LTDA.,48.2966356756283,Brazil,BRA,2017,Sugar cane
633,NOVAAGRI INFRA-ESTRUTURA DE ARMAZENAGEM E ESCOAMENTO AGRICOL,2.225870793871507,Brazil,BRA,2017,Sugar cane
634,NUVA TRADING LTDA,22.510093630402235,Brazil,BRA,2017,Sugar cane
635,ODEBRECHT AGROINDUSTRIAL PARTICIPACOES S.A.,146.62637829963174,Brazil,BRA,2017,Sugar cane
636,ODEBRECHT SERVICOS DE EXPORTACAO S.A,1.3941014522406983e-05,Brazil,BRA,2017,Sugar cane
637,PETRUS COMMODITIES TRADING LTDA.,0.04706486502764596,Brazil,BRA,2017,Sugar cane
638,PRODUTOS NATURAIS PLANETA VERDE LTDA,0.26516575695742534,Brazil,BRA,2017,Sugar cane
639,RAIZEN ARARAQUARA ACUCAR E ALCOOL LTDA,77.28130468684398,Brazil,BRA,2017,Sugar cane
640,RAIZEN ENERGIA S.A,1983.3672983013762,Brazil,BRA,2017,Sugar cane
641,RAIZEN PARAGUACU,3.4322270686641785,Brazil,BRA,2017,Sugar cane
642,RCMA COMMODITIES DO BRASIL IMPORTACAO E EXPORTACAO LTDA.,16.454437720186228,Brazil,BRA,2017,Sugar cane
643,RECCA-EXPORTADORA DE ALIMENTOS LTDA.,0.018022943574567744,Brazil,BRA,2017,Sugar cane
644,RENUKA DO BRASIL,26.93384605337678,Brazil,BRA,2017,Sugar cane
645,RENUKA VALE DO IVAI - EM RECUPERACAO JUDICIAL,15.29099262885993,Brazil,BRA,2017,Sugar cane
646,REVATI S.A. ACUCAR E ALCOOL - EM RECUPERACAO JUDICIAL,24.681443836034074,Brazil,BRA,2017,Sugar cane
647,RICCA COMERCIO LTDA - EPP,4.029628639225791,Brazil,BRA,2017,Sugar cane
648,ROSELI DE PAULA GIRELE - ME,0.014559684285740542,Brazil,BRA,2017,Sugar cane
649,RUI DE QUEIROZ LOPES DA SILVA - ME,0.9621358492385255,Brazil,BRA,2017,Sugar cane
650,S A USINA CORURIPE ACUCAR E ALCOOL,428.9105734733308,Brazil,BRA,2017,Sugar cane
651,SAO MARTINHO S/A,544.9827359454379,Brazil,BRA,2017,Sugar cane
652,SEA OLIMPIC IMPORTACAO E EXPORTACAO EIRELI - EPP,0.000494630370255295,Brazil,BRA,2017,Sugar cane
653,SJC BIOENERGIA,148.43419601433328,Brazil,BRA,2017,Sugar cane
654,STELA MARIS TRANSPORTES E LOGISTICA LTDA,0.6313850304186207,Brazil,BRA,2017,Sugar cane
655,SUCDEN DO BRASIL LTDA.,386.23654171623986,Brazil,BRA,2017,Sugar cane
656,SUDZUCKER DO BRASIL S/A - IMPORTACAO E EXPORTACAO,2.6207431714332974,Brazil,BRA,2017,Sugar cane
657,SUPERMERCADO GAVIAO LTDA,0.7033856609275568,Brazil,BRA,2017,Sugar cane
658,"TACE IMPORTACAO, EXPORTACAO E COMERCIO LTDA",3.988954598833025e-05,Brazil,BRA,2017,Sugar cane
659,TARUMA INDUSTRIA E COMERCIO DE ALIMENTOS LTDA - EPP,1.8274243129891619,Brazil,BRA,2017,Sugar cane
660,TEMAKI LOUNGE COMERCIO DE ALIMENTOS LTDA - ME,0.013283218814113974,Brazil,BRA,2017,Sugar cane
661,TENDA ATACADO,0.45218877975806715,Brazil,BRA,2017,Sugar cane
662,TEREOS ACUCAR E ENERGIA ANDRADE S.A.,12.4774499851497,Brazil,BRA,2017,Sugar cane
663,TEREOS ACUCAR E ENERGIA BRASIL S.A.,66.54482339729752,Brazil,BRA,2017,Sugar cane
664,TIMBRO COMERCIO EXTERIOR LTDA,13.319119405503466,Brazil,BRA,2017,Sugar cane
665,TIMBRO SC COMERCIO EXTERIOR,1.1966863796499074,Brazil,BRA,2017,Sugar cane
666,TONON BIOENERGIA,114.65199791243093,Brazil,BRA,2017,Sugar cane
667,TRADEBRAS COMERCIO IMPORTACAO E EXPORTACAO,0.0038626377032033128,Brazil,BRA,2017,Sugar cane
668,TRIBAL BRASIL ALIMENTOS LTDA - EPP,0.005617777726689845,Brazil,BRA,2017,Sugar cane
669,TRIO COMERCIO DE ACUCAR E LOGISTICA LTDA - EPP,7.624188648614532,Brazil,BRA,2017,Sugar cane
670,TRIUNFO AGROINDUSTRIAL,0.7091474842369823,Brazil,BRA,2017,Sugar cane
671,U.S.A. - USINA SANTO ANGELO,136.97246018694204,Brazil,BRA,2017,Sugar cane
672,U.S.J. - ACUCAR E ALCOOL,36.914163921853344,Brazil,BRA,2017,Sugar cane
673,UNIALCO SA ALCOOL E ACUCAR,8.778971946638054,Brazil,BRA,2017,Sugar cane
674,"USACIGA - ACUCAR, ALCOOL E ENERGIA ELETRICA",2.1114866343156145,Brazil,BRA,2017,Sugar cane
675,USINA ACUCAREIRA ESTER,49.534092808526054,Brazil,BRA,2017,Sugar cane
676,USINA ACUCAREIRA GUAIRA LIMITADA,103.14625549468825,Brazil,BRA,2017,Sugar cane
677,USINA ACUCAREIRA PASSOS SA,0.664989313610723,Brazil,BRA,2017,Sugar cane
678,USINA ACUCAREIRA S. MANOEL,4.17523833538135,Brazil,BRA,2017,Sugar cane
679,USINA ALTA MOGIANA S/A-ACUCAR E ALCOOL,61.486412341830246,Brazil,BRA,2017,Sugar cane
680,USINA ALTO ALEGRE S/A - ACUCAR E ALCOOL,255.77425443910582,Brazil,BRA,2017,Sugar cane
681,USINA BATATAIS S/A ACUCAR E ALCOOL,137.57022098939564,Brazil,BRA,2017,Sugar cane
682,USINA BOM JESUS SA,0.2174334830106117,Brazil,BRA,2017,Sugar cane
683,USINA CAETE,82.30250465588227,Brazil,BRA,2017,Sugar cane
684,USINA CENTRAL OLHO D'AGUA S/A,27.020362932888037,Brazil,BRA,2017,Sugar cane
685,USINA COLOMBO S/A. - ACUCAR E ALCOOL,35.43328846076418,Brazil,BRA,2017,Sugar cane
686,USINA CONQUISTA DO PONTAL,51.51054437381727,Brazil,BRA,2017,Sugar cane
687,USINA DE ACUCAR E ALCOOL GOIOERE,76.69208433434139,Brazil,BRA,2017,Sugar cane
688,USINA DE ACUCAR SANTA TEREZINHA LTDA,616.4711881284743,Brazil,BRA,2017,Sugar cane
689,USINA DELTA,242.17002494686795,Brazil,BRA,2017,Sugar cane
690,USINA ELDORADO,24.88087561015733,Brazil,BRA,2017,Sugar cane
691,USINA FRUTAL ACUCAR E ALCOOL,48.60637977309639,Brazil,BRA,2017,Sugar cane
692,USINA GUARIROBA,57.461451665919455,Brazil,BRA,2017,Sugar cane
693,USINA IPOJUCA S/A,9.63382175942072,Brazil,BRA,2017,Sugar cane
694,USINA ITAJOBI- ACUCAR E ALCOOL,48.91158266736231,Brazil,BRA,2017,Sugar cane
695,USINA ITAPAGIPE ACUCAR E ALCOOL,50.929594355694746,Brazil,BRA,2017,Sugar cane
696,USINA MONTE ALEGRE,33.91585556042824,Brazil,BRA,2017,Sugar cane
697,USINA OUROESTE - ACUCAR E ALCOOL,61.444567764871316,Brazil,BRA,2017,Sugar cane
698,USINA PETRIBU SA,10.49913238403024,Brazil,BRA,2017,Sugar cane
699,USINA RIO PARDO S/A,24.487445018074432,Brazil,BRA,2017,Sugar cane
700,USINA SANTA FE S/A.,113.02170995180202,Brazil,BRA,2017,Sugar cane
701,USINA SANTA ISABEL,104.34867976391998,Brazil,BRA,2017,Sugar cane
702,USINA SAO DOMINGOS-ACUCAR E ETANOL S/A,69.09229833709382,Brazil,BRA,2017,Sugar cane
703,USINA SAO FRANCISCO S/A,29.56036561076771,Brazil,BRA,2017,Sugar cane
704,USINA SAO JOSE,10.113542303819933,Brazil,BRA,2017,Sugar cane
705,USINA SAO JOSE DO PINHEIRO LTDA,2.884014174956277,Brazil,BRA,2017,Sugar cane
706,USINA SERRA GRANDE SA,15.722145434932463,Brazil,BRA,2017,Sugar cane
707,USINA TRAPICHE S/A,23.018745619289607,Brazil,BRA,2017,Sugar cane
708,USINA UNIAO E INDUSTRIA SA,9.797280254537345,Brazil,BRA,2017,Sugar cane
709,USINA VERTENTE LTDA.,24.199679174011543,Brazil,BRA,2017,Sugar cane
710,USINAS ITAMARATI,4.695442780004118,Brazil,BRA,2017,Sugar cane
711,USIVALE INDUSTRIA E COMERCIO- EM RECUPERACAO JUDICIAL,4.0875034950659055,Brazil,BRA,2017,Sugar cane
712,VA&E TRADING DO BRASIL LTDA,165.32744489020465,Brazil,BRA,2017,Sugar cane
713,VALE DO PARANA S/A - ALCOOL E ACUCAR,44.15567487033189,Brazil,BRA,2017,Sugar cane
714,VALE DO PONTAL ACUCAR E ALCOOL,12.653517122536059,Brazil,BRA,2017,Sugar cane
715,VALE DO TIJUCO ACUCAR E ALCOOL,110.46095489571184,Brazil,BRA,2017,Sugar cane
716,VALE VERDE EMPREENDIMENTOS AGRICOLASEM RECUPERACAO JUD,1.170629641775975,Brazil,BRA,2017,Sugar cane
717,"VIAMAR COMERCIO INTERNACIONAL, INCORPORACAO E CONSTRUCAO LTD",0.05318606131777367,Brazil,BRA,2017,Sugar cane
718,VIRGOLINO DE OLIVEIRA - ACUCAR E ALCOOL,0.45582094452889327,Brazil,BRA,2017,Sugar cane
719,VITORIA TRADING LTDA - EPP,0.13945828494697904,Brazil,BRA,2017,Sugar cane
720,WD AGROINDUSTRIAL LTDA,71.70984546945908,Brazil,BRA,2017,Sugar cane
721,WILMAR SUGAR BRASIL COMERCIAL LTDA.,2.656643762822794,Brazil,BRA,2017,Sugar cane
722,WORLD TROTTER COMERCIAL IMPORTADORA E EXPORTADORA LTDA - EPP,0.0002809996906289042,Brazil,BRA,2017,Sugar cane
