Domain Code,Domain,Area Code (M49),Area,Element Code,Element,Item Code (CPC),Item,Year Code,Year,Unit,Value,Flag,Flag Description,Note
"QCL","Crops and livestock products","068","Bolivia (Plurinational State of)","5510","Production","01640","Cocoa beans","2006","2006","t","4474","A","Official figure",""
"QCL","Crops and livestock products","068","Bolivia (Plurinational State of)","5510","Production","01640","Cocoa beans","2007","2007","t","4699","A","Official figure",""
"QCL","Crops and livestock products","068","Bolivia (Plurinational State of)","5510","Production","01640","Cocoa beans","2008","2008","t","4745","A","Official figure",""
"QCL","Crops and livestock products","068","Bolivia (Plurinational State of)","5510","Production","01640","Cocoa beans","2009","2009","t","4510","A","Official figure",""
"QCL","Crops and livestock products","068","Bolivia (Plurinational State of)","5510","Production","01640","Cocoa beans","2010","2010","t","4449.75","A","Official figure",""
"QCL","Crops and livestock products","068","Bolivia (Plurinational State of)","5510","Production","01640","Cocoa beans","2011","2011","t","4579.77","A","Official figure",""
"QCL","Crops and livestock products","068","Bolivia (Plurinational State of)","5510","Production","01640","Cocoa beans","2012","2012","t","4762.68","A","Official figure",""
"QCL","Crops and livestock products","068","Bolivia (Plurinational State of)","5510","Production","01640","Cocoa beans","2013","2013","t","7325.04","A","Official figure",""
"QCL","Crops and livestock products","068","Bolivia (Plurinational State of)","5510","Production","01640","Cocoa beans","2014","2014","t","5971","A","Official figure",""
"QCL","Crops and livestock products","068","Bolivia (Plurinational State of)","5510","Production","01640","Cocoa beans","2015","2015","t","6065","A","Official figure",""
"QCL","Crops and livestock products","068","Bolivia (Plurinational State of)","5510","Production","01640","Cocoa beans","2016","2016","t","6143","A","Official figure",""
"QCL","Crops and livestock products","068","Bolivia (Plurinational State of)","5510","Production","01640","Cocoa beans","2017","2017","t","5518","A","Official figure",""
"QCL","Crops and livestock products","068","Bolivia (Plurinational State of)","5510","Production","01640","Cocoa beans","2018","2018","t","5845.99","A","Official figure",""
"QCL","Crops and livestock products","068","Bolivia (Plurinational State of)","5510","Production","01640","Cocoa beans","2019","2019","t","5835","A","Official figure",""
"QCL","Crops and livestock products","068","Bolivia (Plurinational State of)","5510","Production","01640","Cocoa beans","2020","2020","t","5875","A","Official figure",""
"QCL","Crops and livestock products","068","Bolivia (Plurinational State of)","5510","Production","01640","Cocoa beans","2021","2021","t","5883.99","A","Official figure",""
"QCL","Crops and livestock products","068","Bolivia (Plurinational State of)","5510","Production","01640","Cocoa beans","2022","2022","t","5791.55","A","Official figure",""
"QCL","Crops and livestock products","068","Bolivia (Plurinational State of)","5510","Production","01640","Cocoa beans","2023","2023","t","5971.18","A","Official figure",""
"QCL","Crops and livestock products","068","Bolivia (Plurinational State of)","5510","Production","01610","Coffee, green","2006","2006","t","25272","A","Official figure",""
"QCL","Crops and livestock products","068","Bolivia (Plurinational State of)","5510","Production","01610","Coffee, green","2007","2007","t","27012","A","Official figure",""
"QCL","Crops and livestock products","068","Bolivia (Plurinational State of)","5510","Production","01610","Coffee, green","2008","2008","t","27305","A","Official figure",""
"QCL","Crops and livestock products","068","Bolivia (Plurinational State of)","5510","Production","01610","Coffee, green","2009","2009","t","28270","A","Official figure",""
"QCL","Crops and livestock products","068","Bolivia (Plurinational State of)","5510","Production","01610","Coffee, green","2010","2010","t","27327.02","A","Official figure",""
"QCL","Crops and livestock products","068","Bolivia (Plurinational State of)","5510","Production","01610","Coffee, green","2011","2011","t","27596.4","A","Official figure",""
"QCL","Crops and livestock products","068","Bolivia (Plurinational State of)","5510","Production","01610","Coffee, green","2012","2012","t","28136.86","A","Official figure",""
"QCL","Crops and livestock products","068","Bolivia (Plurinational State of)","5510","Production","01610","Coffee, green","2013","2013","t","29455.13","A","Official figure",""
"QCL","Crops and livestock products","068","Bolivia (Plurinational State of)","5510","Production","01610","Coffee, green","2014","2014","t","20496","A","Official figure",""
"QCL","Crops and livestock products","068","Bolivia (Plurinational State of)","5510","Production","01610","Coffee, green","2015","2015","t","20954","A","Official figure",""
"QCL","Crops and livestock products","068","Bolivia (Plurinational State of)","5510","Production","01610","Coffee, green","2016","2016","t","21427","A","Official figure",""
"QCL","Crops and livestock products","068","Bolivia (Plurinational State of)","5510","Production","01610","Coffee, green","2017","2017","t","21181","A","Official figure",""
"QCL","Crops and livestock products","068","Bolivia (Plurinational State of)","5510","Production","01610","Coffee, green","2018","2018","t","22120.99","A","Official figure",""
"QCL","Crops and livestock products","068","Bolivia (Plurinational State of)","5510","Production","01610","Coffee, green","2019","2019","t","24841","A","Official figure",""
"QCL","Crops and livestock products","068","Bolivia (Plurinational State of)","5510","Production","01610","Coffee, green","2020","2020","t","23401","A","Official figure",""
"QCL","Crops and livestock products","068","Bolivia (Plurinational State of)","5510","Production","01610","Coffee, green","2021","2021","t","23451.98","A","Official figure",""
"QCL","Crops and livestock products","068","Bolivia (Plurinational State of)","5510","Production","01610","Coffee, green","2022","2022","t","23238.78","A","Official figure",""
"QCL","Crops and livestock products","068","Bolivia (Plurinational State of)","5510","Production","01610","Coffee, green","2023","2023","t","23579.45","A","Official figure",""
"QCL","Crops and livestock products","068","Bolivia (Plurinational State of)","5510","Production","0112","Maize (corn)","2006","2006","t","894436","A","Official figure",""
"QCL","Crops and livestock products","068","Bolivia (Plurinational State of)","5510","Production","0112","Maize (corn)","2007","2007","t","770365","A","Official figure",""
"QCL","Crops and livestock products","068","Bolivia (Plurinational State of)","5510","Production","0112","Maize (corn)","2008","2008","t","1001803","A","Official figure",""
"QCL","Crops and livestock products","068","Bolivia (Plurinational State of)","5510","Production","0112","Maize (corn)","2009","2009","t","1174447","A","Official figure",""
"QCL","Crops and livestock products","068","Bolivia (Plurinational State of)","5510","Production","0112","Maize (corn)","2010","2010","t","1018988","A","Official figure",""
"QCL","Crops and livestock products","068","Bolivia (Plurinational State of)","5510","Production","0112","Maize (corn)","2011","2011","t","918091.18","A","Official figure",""
"QCL","Crops and livestock products","068","Bolivia (Plurinational State of)","5510","Production","0112","Maize (corn)","2012","2012","t","1043058.53","A","Official figure",""
"QCL","Crops and livestock products","068","Bolivia (Plurinational State of)","5510","Production","0112","Maize (corn)","2013","2013","t","915149.82","A","Official figure",""
"QCL","Crops and livestock products","068","Bolivia (Plurinational State of)","5510","Production","0112","Maize (corn)","2014","2014","t","1006622","A","Official figure",""
"QCL","Crops and livestock products","068","Bolivia (Plurinational State of)","5510","Production","0112","Maize (corn)","2015","2015","t","1056557","A","Official figure",""
"QCL","Crops and livestock products","068","Bolivia (Plurinational State of)","5510","Production","0112","Maize (corn)","2016","2016","t","984628","A","Official figure",""
"QCL","Crops and livestock products","068","Bolivia (Plurinational State of)","5510","Production","0112","Maize (corn)","2017","2017","t","954908.9","A","Official figure",""
"QCL","Crops and livestock products","068","Bolivia (Plurinational State of)","5510","Production","0112","Maize (corn)","2018","2018","t","1260925.78","A","Official figure",""
"QCL","Crops and livestock products","068","Bolivia (Plurinational State of)","5510","Production","0112","Maize (corn)","2019","2019","t","987503","A","Official figure",""
"QCL","Crops and livestock products","068","Bolivia (Plurinational State of)","5510","Production","0112","Maize (corn)","2020","2020","t","954833","A","Official figure",""
"QCL","Crops and livestock products","068","Bolivia (Plurinational State of)","5510","Production","0112","Maize (corn)","2021","2021","t","1250330.22","A","Official figure",""
"QCL","Crops and livestock products","068","Bolivia (Plurinational State of)","5510","Production","0112","Maize (corn)","2022","2022","t","985620.8","A","Official figure",""
"QCL","Crops and livestock products","068","Bolivia (Plurinational State of)","5510","Production","0112","Maize (corn)","2023","2023","t","1257459.16","A","Official figure",""
"QCL","Crops and livestock products","068","Bolivia (Plurinational State of)","5510","Production","21111.01","Meat of cattle with the bone, fresh or chilled","2006","2006","t","200000","E","Estimated value",""
"QCL","Crops and livestock products","068","Bolivia (Plurinational State of)","5510","Production","21111.01","Meat of cattle with the bone, fresh or chilled","2007","2007","t","244375","A","Official figure",""
"QCL","Crops and livestock products","068","Bolivia (Plurinational State of)","5510","Production","21111.01","Meat of cattle with the bone, fresh or chilled","2008","2008","t","248680","A","Official figure",""
"QCL","Crops and livestock products","068","Bolivia (Plurinational State of)","5510","Production","21111.01","Meat of cattle with the bone, fresh or chilled","2009","2009","t","202026","A","Official figure",""
"QCL","Crops and livestock products","068","Bolivia (Plurinational State of)","5510","Production","21111.01","Meat of cattle with the bone, fresh or chilled","2010","2010","t","202347","A","Official figure",""
"QCL","Crops and livestock products","068","Bolivia (Plurinational State of)","5510","Production","21111.01","Meat of cattle with the bone, fresh or chilled","2011","2011","t","205187","A","Official figure",""
"QCL","Crops and livestock products","068","Bolivia (Plurinational State of)","5510","Production","21111.01","Meat of cattle with the bone, fresh or chilled","2012","2012","t","212594.93","A","Official figure",""
"QCL","Crops and livestock products","068","Bolivia (Plurinational State of)","5510","Production","21111.01","Meat of cattle with the bone, fresh or chilled","2013","2013","t","215179.23","A","Official figure",""
"QCL","Crops and livestock products","068","Bolivia (Plurinational State of)","5510","Production","21111.01","Meat of cattle with the bone, fresh or chilled","2014","2014","t","224651","A","Official figure",""
"QCL","Crops and livestock products","068","Bolivia (Plurinational State of)","5510","Production","21111.01","Meat of cattle with the bone, fresh or chilled","2015","2015","t","243000","A","Official figure",""
"QCL","Crops and livestock products","068","Bolivia (Plurinational State of)","5510","Production","21111.01","Meat of cattle with the bone, fresh or chilled","2016","2016","t","252000","A","Official figure",""
"QCL","Crops and livestock products","068","Bolivia (Plurinational State of)","5510","Production","21111.01","Meat of cattle with the bone, fresh or chilled","2017","2017","t","260000","A","Official figure",""
"QCL","Crops and livestock products","068","Bolivia (Plurinational State of)","5510","Production","21111.01","Meat of cattle with the bone, fresh or chilled","2018","2018","t","268000","A","Official figure",""
"QCL","Crops and livestock products","068","Bolivia (Plurinational State of)","5510","Production","21111.01","Meat of cattle with the bone, fresh or chilled","2019","2019","t","266499","A","Official figure",""
"QCL","Crops and livestock products","068","Bolivia (Plurinational State of)","5510","Production","21111.01","Meat of cattle with the bone, fresh or chilled","2020","2020","t","276448.25","A","Official figure",""
"QCL","Crops and livestock products","068","Bolivia (Plurinational State of)","5510","Production","21111.01","Meat of cattle with the bone, fresh or chilled","2021","2021","t","284195.16","A","Official figure",""
"QCL","Crops and livestock products","068","Bolivia (Plurinational State of)","5510","Production","21111.01","Meat of cattle with the bone, fresh or chilled","2022","2022","t","298566","A","Official figure",""
"QCL","Crops and livestock products","068","Bolivia (Plurinational State of)","5510","Production","21111.01","Meat of cattle with the bone, fresh or chilled","2023","2023","t","326596","A","Official figure",""
"QCL","Crops and livestock products","068","Bolivia (Plurinational State of)","5510","Production","0141","Soya beans","2006","2006","t","1618966","A","Official figure",""
"QCL","Crops and livestock products","068","Bolivia (Plurinational State of)","5510","Production","0141","Soya beans","2007","2007","t","1595947","A","Official figure",""
"QCL","Crops and livestock products","068","Bolivia (Plurinational State of)","5510","Production","0141","Soya beans","2008","2008","t","1259676","A","Official figure",""
"QCL","Crops and livestock products","068","Bolivia (Plurinational State of)","5510","Production","0141","Soya beans","2009","2009","t","1892619","A","Official figure",""
"QCL","Crops and livestock products","068","Bolivia (Plurinational State of)","5510","Production","0141","Soya beans","2010","2010","t","1693048","A","Official figure",""
"QCL","Crops and livestock products","068","Bolivia (Plurinational State of)","5510","Production","0141","Soya beans","2011","2011","t","1861038","A","Official figure",""
"QCL","Crops and livestock products","068","Bolivia (Plurinational State of)","5510","Production","0141","Soya beans","2012","2012","t","2661910","A","Official figure",""
"QCL","Crops and livestock products","068","Bolivia (Plurinational State of)","5510","Production","0141","Soya beans","2013","2013","t","2826726.37","A","Official figure",""
"QCL","Crops and livestock products","068","Bolivia (Plurinational State of)","5510","Production","0141","Soya beans","2014","2014","t","2814321","A","Official figure",""
"QCL","Crops and livestock products","068","Bolivia (Plurinational State of)","5510","Production","0141","Soya beans","2015","2015","t","3105938","A","Official figure",""
"QCL","Crops and livestock products","068","Bolivia (Plurinational State of)","5510","Production","0141","Soya beans","2016","2016","t","3203992","A","Official figure",""
"QCL","Crops and livestock products","068","Bolivia (Plurinational State of)","5510","Production","0141","Soya beans","2017","2017","t","2671045.71","A","Official figure",""
"QCL","Crops and livestock products","068","Bolivia (Plurinational State of)","5510","Production","0141","Soya beans","2018","2018","t","2942130.64","A","Official figure",""
"QCL","Crops and livestock products","068","Bolivia (Plurinational State of)","5510","Production","0141","Soya beans","2019","2019","t","2990845","A","Official figure",""
"QCL","Crops and livestock products","068","Bolivia (Plurinational State of)","5510","Production","0141","Soya beans","2020","2020","t","2829356","A","Official figure",""
"QCL","Crops and livestock products","068","Bolivia (Plurinational State of)","5510","Production","0141","Soya beans","2021","2021","t","3318168.56","A","Official figure",""
"QCL","Crops and livestock products","068","Bolivia (Plurinational State of)","5510","Production","0141","Soya beans","2022","2022","t","3457143.79","A","Official figure",""
"QCL","Crops and livestock products","068","Bolivia (Plurinational State of)","5510","Production","0141","Soya beans","2023","2023","t","3670464.34","A","Official figure",""
"QCL","Crops and livestock products","068","Bolivia (Plurinational State of)","5510","Production","01802","Sugar cane","2006","2006","t","6201125","A","Official figure",""
"QCL","Crops and livestock products","068","Bolivia (Plurinational State of)","5510","Production","01802","Sugar cane","2007","2007","t","6402528","A","Official figure",""
"QCL","Crops and livestock products","068","Bolivia (Plurinational State of)","5510","Production","01802","Sugar cane","2008","2008","t","7009195","A","Official figure",""
"QCL","Crops and livestock products","068","Bolivia (Plurinational State of)","5510","Production","01802","Sugar cane","2009","2009","t","7803800","A","Official figure",""
"QCL","Crops and livestock products","068","Bolivia (Plurinational State of)","5510","Production","01802","Sugar cane","2010","2010","t","6403181","A","Official figure",""
"QCL","Crops and livestock products","068","Bolivia (Plurinational State of)","5510","Production","01802","Sugar cane","2011","2011","t","6794052","A","Official figure",""
"QCL","Crops and livestock products","068","Bolivia (Plurinational State of)","5510","Production","01802","Sugar cane","2012","2012","t","7692399.41","A","Official figure",""
"QCL","Crops and livestock products","068","Bolivia (Plurinational State of)","5510","Production","01802","Sugar cane","2013","2013","t","8363454.35","A","Official figure",""
"QCL","Crops and livestock products","068","Bolivia (Plurinational State of)","5510","Production","01802","Sugar cane","2014","2014","t","7598630","A","Official figure",""
"QCL","Crops and livestock products","068","Bolivia (Plurinational State of)","5510","Production","01802","Sugar cane","2015","2015","t","7192512","A","Official figure",""
"QCL","Crops and livestock products","068","Bolivia (Plurinational State of)","5510","Production","01802","Sugar cane","2016","2016","t","7374751","A","Official figure",""
"QCL","Crops and livestock products","068","Bolivia (Plurinational State of)","5510","Production","01802","Sugar cane","2017","2017","t","8731675.5","A","Official figure",""
"QCL","Crops and livestock products","068","Bolivia (Plurinational State of)","5510","Production","01802","Sugar cane","2018","2018","t","9616439.95","A","Official figure",""
"QCL","Crops and livestock products","068","Bolivia (Plurinational State of)","5510","Production","01802","Sugar cane","2019","2019","t","9558472","A","Official figure",""
"QCL","Crops and livestock products","068","Bolivia (Plurinational State of)","5510","Production","01802","Sugar cane","2020","2020","t","10094423","A","Official figure",""
"QCL","Crops and livestock products","068","Bolivia (Plurinational State of)","5510","Production","01802","Sugar cane","2021","2021","t","10057104.09","A","Official figure",""
"QCL","Crops and livestock products","068","Bolivia (Plurinational State of)","5510","Production","01802","Sugar cane","2022","2022","t","9659111.34","A","Official figure",""
"QCL","Crops and livestock products","068","Bolivia (Plurinational State of)","5510","Production","01802","Sugar cane","2023","2023","t","10307308.57","A","Official figure",""
"QCL","Crops and livestock products","076","Brazil","5510","Production","01640","Cocoa beans","2006","2006","t","212270","A","Official figure",""
"QCL","Crops and livestock products","076","Brazil","5510","Production","01640","Cocoa beans","2007","2007","t","201651","A","Official figure",""
"QCL","Crops and livestock products","076","Brazil","5510","Production","01640","Cocoa beans","2008","2008","t","202030","A","Official figure",""
"QCL","Crops and livestock products","076","Brazil","5510","Production","01640","Cocoa beans","2009","2009","t","218487","A","Official figure",""
"QCL","Crops and livestock products","076","Brazil","5510","Production","01640","Cocoa beans","2010","2010","t","235389","A","Official figure",""
"QCL","Crops and livestock products","076","Brazil","5510","Production","01640","Cocoa beans","2011","2011","t","248524","A","Official figure",""
"QCL","Crops and livestock products","076","Brazil","5510","Production","01640","Cocoa beans","2012","2012","t","253211","A","Official figure",""
"QCL","Crops and livestock products","076","Brazil","5510","Production","01640","Cocoa beans","2013","2013","t","256186","A","Official figure",""
"QCL","Crops and livestock products","076","Brazil","5510","Production","01640","Cocoa beans","2014","2014","t","273793","A","Official figure",""
"QCL","Crops and livestock products","076","Brazil","5510","Production","01640","Cocoa beans","2015","2015","t","278299","A","Official figure",""
"QCL","Crops and livestock products","076","Brazil","5510","Production","01640","Cocoa beans","2016","2016","t","213871","A","Official figure",""
"QCL","Crops and livestock products","076","Brazil","5510","Production","01640","Cocoa beans","2017","2017","t","235809","A","Official figure",""
"QCL","Crops and livestock products","076","Brazil","5510","Production","01640","Cocoa beans","2018","2018","t","239318","A","Official figure",""
"QCL","Crops and livestock products","076","Brazil","5510","Production","01640","Cocoa beans","2019","2019","t","259451","A","Official figure",""
"QCL","Crops and livestock products","076","Brazil","5510","Production","01640","Cocoa beans","2020","2020","t","269740","A","Official figure",""
"QCL","Crops and livestock products","076","Brazil","5510","Production","01640","Cocoa beans","2021","2021","t","302126","A","Official figure",""
"QCL","Crops and livestock products","076","Brazil","5510","Production","01640","Cocoa beans","2022","2022","t","301026","A","Official figure",""
"QCL","Crops and livestock products","076","Brazil","5510","Production","01640","Cocoa beans","2023","2023","t","296145","A","Official figure",""
"QCL","Crops and livestock products","076","Brazil","5510","Production","01610","Coffee, green","2006","2006","t","2573368","A","Official figure",""
"QCL","Crops and livestock products","076","Brazil","5510","Production","01610","Coffee, green","2007","2007","t","2249011","A","Official figure",""
"QCL","Crops and livestock products","076","Brazil","5510","Production","01610","Coffee, green","2008","2008","t","2796927","A","Official figure",""
"QCL","Crops and livestock products","076","Brazil","5510","Production","01610","Coffee, green","2009","2009","t","2440056","A","Official figure",""
"QCL","Crops and livestock products","076","Brazil","5510","Production","01610","Coffee, green","2010","2010","t","2907265","A","Official figure",""
"QCL","Crops and livestock products","076","Brazil","5510","Production","01610","Coffee, green","2011","2011","t","2700540","A","Official figure",""
"QCL","Crops and livestock products","076","Brazil","5510","Production","01610","Coffee, green","2012","2012","t","3037534","A","Official figure",""
"QCL","Crops and livestock products","076","Brazil","5510","Production","01610","Coffee, green","2013","2013","t","2964538","A","Official figure",""
"QCL","Crops and livestock products","076","Brazil","5510","Production","01610","Coffee, green","2014","2014","t","2804070","A","Official figure",""
"QCL","Crops and livestock products","076","Brazil","5510","Production","01610","Coffee, green","2015","2015","t","2647504","A","Official figure",""
"QCL","Crops and livestock products","076","Brazil","5510","Production","01610","Coffee, green","2016","2016","t","3024466","A","Official figure",""
"QCL","Crops and livestock products","076","Brazil","5510","Production","01610","Coffee, green","2017","2017","t","2684508","A","Official figure",""
"QCL","Crops and livestock products","076","Brazil","5510","Production","01610","Coffee, green","2018","2018","t","3552729","A","Official figure",""
"QCL","Crops and livestock products","076","Brazil","5510","Production","01610","Coffee, green","2019","2019","t","3011745","A","Official figure",""
"QCL","Crops and livestock products","076","Brazil","5510","Production","01610","Coffee, green","2020","2020","t","3705719","A","Official figure",""
"QCL","Crops and livestock products","076","Brazil","5510","Production","01610","Coffee, green","2021","2021","t","2985581","A","Official figure",""
"QCL","Crops and livestock products","076","Brazil","5510","Production","01610","Coffee, green","2022","2022","t","3179176","A","Official figure",""
"QCL","Crops and livestock products","076","Brazil","5510","Production","01610","Coffee, green","2023","2023","t","3405267","A","Official figure",""
"QCL","Crops and livestock products","076","Brazil","5510","Production","0112","Maize (corn)","2006","2006","t","42661677","A","Official figure",""
"QCL","Crops and livestock products","076","Brazil","5510","Production","0112","Maize (corn)","2007","2007","t","52112217","A","Official figure",""
"QCL","Crops and livestock products","076","Brazil","5510","Production","0112","Maize (corn)","2008","2008","t","58933347","A","Official figure",""
"QCL","Crops and livestock products","076","Brazil","5510","Production","0112","Maize (corn)","2009","2009","t","50719822","A","Official figure",""
"QCL","Crops and livestock products","076","Brazil","5510","Production","0112","Maize (corn)","2010","2010","t","55364271","A","Official figure",""
"QCL","Crops and livestock products","076","Brazil","5510","Production","0112","Maize (corn)","2011","2011","t","55660235","A","Official figure",""
"QCL","Crops and livestock products","076","Brazil","5510","Production","0112","Maize (corn)","2012","2012","t","71072810","A","Official figure",""
"QCL","Crops and livestock products","076","Brazil","5510","Production","0112","Maize (corn)","2013","2013","t","80273172","A","Official figure",""
"QCL","Crops and livestock products","076","Brazil","5510","Production","0112","Maize (corn)","2014","2014","t","79881614","A","Official figure",""
"QCL","Crops and livestock products","076","Brazil","5510","Production","0112","Maize (corn)","2015","2015","t","85283074","A","Official figure",""
"QCL","Crops and livestock products","076","Brazil","5510","Production","0112","Maize (corn)","2016","2016","t","64188314","A","Official figure",""
"QCL","Crops and livestock products","076","Brazil","5510","Production","0112","Maize (corn)","2017","2017","t","97910658","A","Official figure",""
"QCL","Crops and livestock products","076","Brazil","5510","Production","0112","Maize (corn)","2018","2018","t","82366531","A","Official figure",""
"QCL","Crops and livestock products","076","Brazil","5510","Production","0112","Maize (corn)","2019","2019","t","101126409","A","Official figure",""
"QCL","Crops and livestock products","076","Brazil","5510","Production","0112","Maize (corn)","2020","2020","t","103990935","A","Official figure",""
"QCL","Crops and livestock products","076","Brazil","5510","Production","0112","Maize (corn)","2021","2021","t","88272116","A","Official figure",""
"QCL","Crops and livestock products","076","Brazil","5510","Production","0112","Maize (corn)","2022","2022","t","109738941","A","Official figure",""
"QCL","Crops and livestock products","076","Brazil","5510","Production","0112","Maize (corn)","2023","2023","t","131950246","A","Official figure",""
"QCL","Crops and livestock products","076","Brazil","5510","Production","21111.01","Meat of cattle with the bone, fresh or chilled","2006","2006","t","9020000","X","Figure from international organizations","Unofficial figure"
"QCL","Crops and livestock products","076","Brazil","5510","Production","21111.01","Meat of cattle with the bone, fresh or chilled","2007","2007","t","9303000","X","Figure from international organizations","Unofficial figure"
"QCL","Crops and livestock products","076","Brazil","5510","Production","21111.01","Meat of cattle with the bone, fresh or chilled","2008","2008","t","9024000","X","Figure from international organizations","Unofficial figure"
"QCL","Crops and livestock products","076","Brazil","5510","Production","21111.01","Meat of cattle with the bone, fresh or chilled","2009","2009","t","8935000","X","Figure from international organizations","Unofficial figure"
"QCL","Crops and livestock products","076","Brazil","5510","Production","21111.01","Meat of cattle with the bone, fresh or chilled","2010","2010","t","9115000","X","Figure from international organizations","Unofficial figure"
"QCL","Crops and livestock products","076","Brazil","5510","Production","21111.01","Meat of cattle with the bone, fresh or chilled","2011","2011","t","9030000","X","Figure from international organizations","Unofficial figure"
"QCL","Crops and livestock products","076","Brazil","5510","Production","21111.01","Meat of cattle with the bone, fresh or chilled","2012","2012","t","9307000","X","Figure from international organizations","Unofficial figure"
"QCL","Crops and livestock products","076","Brazil","5510","Production","21111.01","Meat of cattle with the bone, fresh or chilled","2013","2013","t","9675000","X","Figure from international organizations","Unofficial figure"
"QCL","Crops and livestock products","076","Brazil","5510","Production","21111.01","Meat of cattle with the bone, fresh or chilled","2014","2014","t","9723000","X","Figure from international organizations","Unofficial figure"
"QCL","Crops and livestock products","076","Brazil","5510","Production","21111.01","Meat of cattle with the bone, fresh or chilled","2015","2015","t","9425000","X","Figure from international organizations","Unofficial figure"
"QCL","Crops and livestock products","076","Brazil","5510","Production","21111.01","Meat of cattle with the bone, fresh or chilled","2016","2016","t","9284000","X","Figure from international organizations","Unofficial figure"
"QCL","Crops and livestock products","076","Brazil","5510","Production","21111.01","Meat of cattle with the bone, fresh or chilled","2017","2017","t","9550000","X","Figure from international organizations","Unofficial figure"
"QCL","Crops and livestock products","076","Brazil","5510","Production","21111.01","Meat of cattle with the bone, fresh or chilled","2018","2018","t","9900000","X","Figure from international organizations","Unofficial figure"
"QCL","Crops and livestock products","076","Brazil","5510","Production","21111.01","Meat of cattle with the bone, fresh or chilled","2019","2019","t","10200000","X","Figure from international organizations","Unofficial figure"
"QCL","Crops and livestock products","076","Brazil","5510","Production","21111.01","Meat of cattle with the bone, fresh or chilled","2020","2020","t","9975000","X","Figure from international organizations","Unofficial figure"
"QCL","Crops and livestock products","076","Brazil","5510","Production","21111.01","Meat of cattle with the bone, fresh or chilled","2021","2021","t","9750000","X","Figure from international organizations","Unofficial figure"
"QCL","Crops and livestock products","076","Brazil","5510","Production","21111.01","Meat of cattle with the bone, fresh or chilled","2022","2022","t","10350000","X","Figure from international organizations","Unofficial figure"
"QCL","Crops and livestock products","076","Brazil","5510","Production","21111.01","Meat of cattle with the bone, fresh or chilled","2023","2023","t","11160000","X","Figure from international organizations","Unofficial figure"
"QCL","Crops and livestock products","076","Brazil","5510","Production","01491.01","Oil palm fruit","2006","2006","t","1207276","A","Official figure",""
"QCL","Crops and livestock products","076","Brazil","5510","Production","01491.01","Oil palm fruit","2007","2007","t","1073727","A","Official figure",""
"QCL","Crops and livestock products","076","Brazil","5510","Production","01491.01","Oil palm fruit","2008","2008","t","1091104","A","Official figure",""
"QCL","Crops and livestock products","076","Brazil","5510","Production","01491.01","Oil palm fruit","2009","2009","t","1122399","A","Official figure",""
"QCL","Crops and livestock products","076","Brazil","5510","Production","01491.01","Oil palm fruit","2010","2010","t","1292713","A","Official figure",""
"QCL","Crops and livestock products","076","Brazil","5510","Production","01491.01","Oil palm fruit","2011","2011","t","1301192","A","Official figure",""
"QCL","Crops and livestock products","076","Brazil","5510","Production","01491.01","Oil palm fruit","2012","2012","t","1240992","A","Official figure",""
"QCL","Crops and livestock products","076","Brazil","5510","Production","01491.01","Oil palm fruit","2013","2013","t","1246835","A","Official figure",""
"QCL","Crops and livestock products","076","Brazil","5510","Production","01491.01","Oil palm fruit","2014","2014","t","1393873","A","Official figure",""
"QCL","Crops and livestock products","076","Brazil","5510","Production","01491.01","Oil palm fruit","2015","2015","t","1585088","A","Official figure",""
"QCL","Crops and livestock products","076","Brazil","5510","Production","01491.01","Oil palm fruit","2016","2016","t","1621017","A","Official figure",""
"QCL","Crops and livestock products","076","Brazil","5510","Production","01491.01","Oil palm fruit","2017","2017","t","1687371","A","Official figure",""
"QCL","Crops and livestock products","076","Brazil","5510","Production","01491.01","Oil palm fruit","2018","2018","t","2249770","A","Official figure",""
"QCL","Crops and livestock products","076","Brazil","5510","Production","01491.01","Oil palm fruit","2019","2019","t","2583293","A","Official figure",""
"QCL","Crops and livestock products","076","Brazil","5510","Production","01491.01","Oil palm fruit","2020","2020","t","2867986","A","Official figure",""
"QCL","Crops and livestock products","076","Brazil","5510","Production","01491.01","Oil palm fruit","2021","2021","t","2887696","A","Official figure",""
"QCL","Crops and livestock products","076","Brazil","5510","Production","01491.01","Oil palm fruit","2022","2022","t","2951584","A","Official figure",""
"QCL","Crops and livestock products","076","Brazil","5510","Production","01491.01","Oil palm fruit","2023","2023","t","2898435","A","Official figure",""
"QCL","Crops and livestock products","076","Brazil","5510","Production","0141","Soya beans","2006","2006","t","52464640","A","Official figure",""
"QCL","Crops and livestock products","076","Brazil","5510","Production","0141","Soya beans","2007","2007","t","57857172","A","Official figure",""
"QCL","Crops and livestock products","076","Brazil","5510","Production","0141","Soya beans","2008","2008","t","59833104","A","Official figure",""
"QCL","Crops and livestock products","076","Brazil","5510","Production","0141","Soya beans","2009","2009","t","57345382","A","Official figure",""
"QCL","Crops and livestock products","076","Brazil","5510","Production","0141","Soya beans","2010","2010","t","68756343","A","Official figure",""
"QCL","Crops and livestock products","076","Brazil","5510","Production","0141","Soya beans","2011","2011","t","74815447","A","Official figure",""
"QCL","Crops and livestock products","076","Brazil","5510","Production","0141","Soya beans","2012","2012","t","65848857","A","Official figure",""
"QCL","Crops and livestock products","076","Brazil","5510","Production","0141","Soya beans","2013","2013","t","81724477","A","Official figure",""
"QCL","Crops and livestock products","076","Brazil","5510","Production","0141","Soya beans","2014","2014","t","86760520","A","Official figure",""
"QCL","Crops and livestock products","076","Brazil","5510","Production","0141","Soya beans","2015","2015","t","97464936","A","Official figure",""
"QCL","Crops and livestock products","076","Brazil","5510","Production","0141","Soya beans","2016","2016","t","96394820","A","Official figure",""
"QCL","Crops and livestock products","076","Brazil","5510","Production","0141","Soya beans","2017","2017","t","114732101","A","Official figure",""
"QCL","Crops and livestock products","076","Brazil","5510","Production","0141","Soya beans","2018","2018","t","117912450","A","Official figure",""
"QCL","Crops and livestock products","076","Brazil","5510","Production","0141","Soya beans","2019","2019","t","114316829","A","Official figure",""
"QCL","Crops and livestock products","076","Brazil","5510","Production","0141","Soya beans","2020","2020","t","121820949","A","Official figure",""
"QCL","Crops and livestock products","076","Brazil","5510","Production","0141","Soya beans","2021","2021","t","134799179","A","Official figure",""
"QCL","Crops and livestock products","076","Brazil","5510","Production","0141","Soya beans","2022","2022","t","121290103","A","Official figure",""
"QCL","Crops and livestock products","076","Brazil","5510","Production","0141","Soya beans","2023","2023","t","152144238","A","Official figure",""
"QCL","Crops and livestock products","076","Brazil","5510","Production","01802","Sugar cane","2006","2006","t","477410656","A","Official figure",""
"QCL","Crops and livestock products","076","Brazil","5510","Production","01802","Sugar cane","2007","2007","t","549707314","A","Official figure",""
"QCL","Crops and livestock products","076","Brazil","5510","Production","01802","Sugar cane","2008","2008","t","645300182","A","Official figure",""
"QCL","Crops and livestock products","076","Brazil","5510","Production","01802","Sugar cane","2009","2009","t","691606147","A","Official figure",""
"QCL","Crops and livestock products","076","Brazil","5510","Production","01802","Sugar cane","2010","2010","t","717463793","A","Official figure",""
"QCL","Crops and livestock products","076","Brazil","5510","Production","01802","Sugar cane","2011","2011","t","734006059","A","Official figure",""
"QCL","Crops and livestock products","076","Brazil","5510","Production","01802","Sugar cane","2012","2012","t","721077287","A","Official figure",""
"QCL","Crops and livestock products","076","Brazil","5510","Production","01802","Sugar cane","2013","2013","t","768090444","A","Official figure",""
"QCL","Crops and livestock products","076","Brazil","5510","Production","01802","Sugar cane","2014","2014","t","736108487","A","Official figure",""
"QCL","Crops and livestock products","076","Brazil","5510","Production","01802","Sugar cane","2015","2015","t","750290277","A","Official figure",""
"QCL","Crops and livestock products","076","Brazil","5510","Production","01802","Sugar cane","2016","2016","t","768594154","A","Official figure",""
"QCL","Crops and livestock products","076","Brazil","5510","Production","01802","Sugar cane","2017","2017","t","758646205","A","Official figure",""
"QCL","Crops and livestock products","076","Brazil","5510","Production","01802","Sugar cane","2018","2018","t","747556774","A","Official figure",""
"QCL","Crops and livestock products","076","Brazil","5510","Production","01802","Sugar cane","2019","2019","t","753470465","A","Official figure",""
"QCL","Crops and livestock products","076","Brazil","5510","Production","01802","Sugar cane","2020","2020","t","756070576","A","Official figure",""
"QCL","Crops and livestock products","076","Brazil","5510","Production","01802","Sugar cane","2021","2021","t","715679276","A","Official figure",""
"QCL","Crops and livestock products","076","Brazil","5510","Production","01802","Sugar cane","2022","2022","t","726052712","A","Official figure",""
"QCL","Crops and livestock products","076","Brazil","5510","Production","01802","Sugar cane","2023","2023","t","782585836","A","Official figure",""
"QCL","Crops and livestock products","170","Colombia","5510","Production","01640","Cocoa beans","2006","2006","t","35258","A","Official figure",""
"QCL","Crops and livestock products","170","Colombia","5510","Production","01640","Cocoa beans","2007","2007","t","39904","A","Official figure",""
"QCL","Crops and livestock products","170","Colombia","5510","Production","01640","Cocoa beans","2008","2008","t","44740","A","Official figure",""
"QCL","Crops and livestock products","170","Colombia","5510","Production","01640","Cocoa beans","2009","2009","t","44740","A","Official figure",""
"QCL","Crops and livestock products","170","Colombia","5510","Production","01640","Cocoa beans","2010","2010","t","39534","A","Official figure",""
"QCL","Crops and livestock products","170","Colombia","5510","Production","01640","Cocoa beans","2011","2011","t","37202","A","Official figure",""
"QCL","Crops and livestock products","170","Colombia","5510","Production","01640","Cocoa beans","2012","2012","t","41670","A","Official figure",""
"QCL","Crops and livestock products","170","Colombia","5510","Production","01640","Cocoa beans","2013","2013","t","46739","A","Official figure",""
"QCL","Crops and livestock products","170","Colombia","5510","Production","01640","Cocoa beans","2014","2014","t","47732","A","Official figure",""
"QCL","Crops and livestock products","170","Colombia","5510","Production","01640","Cocoa beans","2015","2015","t","54797.95","A","Official figure",""
"QCL","Crops and livestock products","170","Colombia","5510","Production","01640","Cocoa beans","2016","2016","t","56785","A","Official figure",""
"QCL","Crops and livestock products","170","Colombia","5510","Production","01640","Cocoa beans","2017","2017","t","89282","A","Official figure",""
"QCL","Crops and livestock products","170","Colombia","5510","Production","01640","Cocoa beans","2018","2018","t","97978","A","Official figure",""
"QCL","Crops and livestock products","170","Colombia","5510","Production","01640","Cocoa beans","2019","2019","t","102154","A","Official figure",""
"QCL","Crops and livestock products","170","Colombia","5510","Production","01640","Cocoa beans","2020","2020","t","63416","A","Official figure",""
"QCL","Crops and livestock products","170","Colombia","5510","Production","01640","Cocoa beans","2021","2021","t","69040","A","Official figure",""
"QCL","Crops and livestock products","170","Colombia","5510","Production","01640","Cocoa beans","2022","2022","t","62158","A","Official figure",""
"QCL","Crops and livestock products","170","Colombia","5510","Production","01640","Cocoa beans","2023","2023","t","59831","A","Official figure",""
"QCL","Crops and livestock products","170","Colombia","5510","Production","01610","Coffee, green","2006","2006","t","724740","A","Official figure",""
"QCL","Crops and livestock products","170","Colombia","5510","Production","01610","Coffee, green","2007","2007","t","757080","A","Official figure",""
"QCL","Crops and livestock products","170","Colombia","5510","Production","01610","Coffee, green","2008","2008","t","688680","A","Official figure",""
"QCL","Crops and livestock products","170","Colombia","5510","Production","01610","Coffee, green","2009","2009","t","468720","A","Official figure",""
"QCL","Crops and livestock products","170","Colombia","5510","Production","01610","Coffee, green","2010","2010","t","535380","A","Official figure",""
"QCL","Crops and livestock products","170","Colombia","5510","Production","01610","Coffee, green","2011","2011","t","468540","A","Official figure",""
"QCL","Crops and livestock products","170","Colombia","5510","Production","01610","Coffee, green","2012","2012","t","462000","A","Official figure",""
"QCL","Crops and livestock products","170","Colombia","5510","Production","01610","Coffee, green","2013","2013","t","653160","A","Official figure",""
"QCL","Crops and livestock products","170","Colombia","5510","Production","01610","Coffee, green","2014","2014","t","728400","A","Official figure",""
"QCL","Crops and livestock products","170","Colombia","5510","Production","01610","Coffee, green","2015","2015","t","827750","A","Official figure",""
"QCL","Crops and livestock products","170","Colombia","5510","Production","01610","Coffee, green","2016","2016","t","818243","A","Official figure",""
"QCL","Crops and livestock products","170","Colombia","5510","Production","01610","Coffee, green","2017","2017","t","851640","A","Official figure",""
"QCL","Crops and livestock products","170","Colombia","5510","Production","01610","Coffee, green","2018","2018","t","813420","A","Official figure",""
"QCL","Crops and livestock products","170","Colombia","5510","Production","01610","Coffee, green","2019","2019","t","885120","A","Official figure",""
"QCL","Crops and livestock products","170","Colombia","5510","Production","01610","Coffee, green","2020","2020","t","833400","A","Official figure",""
"QCL","Crops and livestock products","170","Colombia","5510","Production","01610","Coffee, green","2021","2021","t","560340","A","Official figure",""
"QCL","Crops and livestock products","170","Colombia","5510","Production","01610","Coffee, green","2022","2022","t","665015.95","A","Official figure",""
"QCL","Crops and livestock products","170","Colombia","5510","Production","01610","Coffee, green","2023","2023","t","680857.67","A","Official figure",""
"QCL","Crops and livestock products","170","Colombia","5510","Production","0112","Maize (corn)","2006","2006","t","1531145","A","Official figure",""
"QCL","Crops and livestock products","170","Colombia","5510","Production","0112","Maize (corn)","2007","2007","t","1733290","A","Official figure",""
"QCL","Crops and livestock products","170","Colombia","5510","Production","0112","Maize (corn)","2008","2008","t","1726546","A","Official figure",""
"QCL","Crops and livestock products","170","Colombia","5510","Production","0112","Maize (corn)","2009","2009","t","1560347","A","Official figure",""
"QCL","Crops and livestock products","170","Colombia","5510","Production","0112","Maize (corn)","2010","2010","t","1421868","A","Official figure",""
"QCL","Crops and livestock products","170","Colombia","5510","Production","0112","Maize (corn)","2011","2011","t","1719794.71","A","Official figure",""
"QCL","Crops and livestock products","170","Colombia","5510","Production","0112","Maize (corn)","2012","2012","t","1872855.14","A","Official figure",""
"QCL","Crops and livestock products","170","Colombia","5510","Production","0112","Maize (corn)","2013","2013","t","1779068.54","A","Official figure",""
"QCL","Crops and livestock products","170","Colombia","5510","Production","0112","Maize (corn)","2014","2014","t","1803039.07","A","Official figure",""
"QCL","Crops and livestock products","170","Colombia","5510","Production","0112","Maize (corn)","2015","2015","t","1471026.34","A","Official figure",""
"QCL","Crops and livestock products","170","Colombia","5510","Production","0112","Maize (corn)","2016","2016","t","1295088.58","A","Official figure",""
"QCL","Crops and livestock products","170","Colombia","5510","Production","0112","Maize (corn)","2017","2017","t","1329856","A","Official figure",""
"QCL","Crops and livestock products","170","Colombia","5510","Production","0112","Maize (corn)","2018","2018","t","1378367.83","A","Official figure",""
"QCL","Crops and livestock products","170","Colombia","5510","Production","0112","Maize (corn)","2019","2019","t","1394862.99","A","Official figure",""
"QCL","Crops and livestock products","170","Colombia","5510","Production","0112","Maize (corn)","2020","2020","t","1392895.19","A","Official figure",""
"QCL","Crops and livestock products","170","Colombia","5510","Production","0112","Maize (corn)","2021","2021","t","1551015.74","A","Official figure",""
"QCL","Crops and livestock products","170","Colombia","5510","Production","0112","Maize (corn)","2022","2022","t","1921177.46","A","Official figure",""
"QCL","Crops and livestock products","170","Colombia","5510","Production","0112","Maize (corn)","2023","2023","t","1949538","A","Official figure",""
"QCL","Crops and livestock products","170","Colombia","5510","Production","21111.01","Meat of cattle with the bone, fresh or chilled","2006","2006","t","827220","A","Official figure",""
"QCL","Crops and livestock products","170","Colombia","5510","Production","21111.01","Meat of cattle with the bone, fresh or chilled","2007","2007","t","856261","A","Official figure",""
"QCL","Crops and livestock products","170","Colombia","5510","Production","21111.01","Meat of cattle with the bone, fresh or chilled","2008","2008","t","917368","A","Official figure",""
"QCL","Crops and livestock products","170","Colombia","5510","Production","21111.01","Meat of cattle with the bone, fresh or chilled","2009","2009","t","810068","A","Official figure",""
"QCL","Crops and livestock products","170","Colombia","5510","Production","21111.01","Meat of cattle with the bone, fresh or chilled","2010","2010","t","766591","A","Official figure",""
"QCL","Crops and livestock products","170","Colombia","5510","Production","21111.01","Meat of cattle with the bone, fresh or chilled","2011","2011","t","820984.7","A","Official figure",""
"QCL","Crops and livestock products","170","Colombia","5510","Production","21111.01","Meat of cattle with the bone, fresh or chilled","2012","2012","t","854231.61","A","Official figure",""
"QCL","Crops and livestock products","170","Colombia","5510","Production","21111.01","Meat of cattle with the bone, fresh or chilled","2013","2013","t","856232.26","A","Official figure",""
"QCL","Crops and livestock products","170","Colombia","5510","Production","21111.01","Meat of cattle with the bone, fresh or chilled","2014","2014","t","837384.17","A","Official figure",""
"QCL","Crops and livestock products","170","Colombia","5510","Production","21111.01","Meat of cattle with the bone, fresh or chilled","2015","2015","t","854314","A","Official figure",""
"QCL","Crops and livestock products","170","Colombia","5510","Production","21111.01","Meat of cattle with the bone, fresh or chilled","2016","2016","t","796544","A","Official figure",""
"QCL","Crops and livestock products","170","Colombia","5510","Production","21111.01","Meat of cattle with the bone, fresh or chilled","2017","2017","t","761374.86","A","Official figure",""
"QCL","Crops and livestock products","170","Colombia","5510","Production","21111.01","Meat of cattle with the bone, fresh or chilled","2018","2018","t","771324.28","A","Official figure",""
"QCL","Crops and livestock products","170","Colombia","5510","Production","21111.01","Meat of cattle with the bone, fresh or chilled","2019","2019","t","769959.9","A","Official figure",""
"QCL","Crops and livestock products","170","Colombia","5510","Production","21111.01","Meat of cattle with the bone, fresh or chilled","2020","2020","t","743901","A","Official figure",""
"QCL","Crops and livestock products","170","Colombia","5510","Production","21111.01","Meat of cattle with the bone, fresh or chilled","2021","2021","t","758736.88","A","Official figure",""
"QCL","Crops and livestock products","170","Colombia","5510","Production","21111.01","Meat of cattle with the bone, fresh or chilled","2022","2022","t","709599","A","Official figure",""
"QCL","Crops and livestock products","170","Colombia","5510","Production","21111.01","Meat of cattle with the bone, fresh or chilled","2023","2023","t","707003","A","Official figure",""
"QCL","Crops and livestock products","170","Colombia","5510","Production","01491.01","Oil palm fruit","2006","2006","t","3200000","E","Estimated value",""
"QCL","Crops and livestock products","170","Colombia","5510","Production","01491.01","Oil palm fruit","2007","2007","t","3200000","E","Estimated value",""
"QCL","Crops and livestock products","170","Colombia","5510","Production","01491.01","Oil palm fruit","2008","2008","t","3200000","E","Estimated value",""
"QCL","Crops and livestock products","170","Colombia","5510","Production","01491.01","Oil palm fruit","2009","2009","t","3200000","E","Estimated value",""
"QCL","Crops and livestock products","170","Colombia","5510","Production","01491.01","Oil palm fruit","2010","2010","t","3994523.34","I","Imputed value",""
"QCL","Crops and livestock products","170","Colombia","5510","Production","01491.01","Oil palm fruit","2011","2011","t","4613805","A","Official figure",""
"QCL","Crops and livestock products","170","Colombia","5510","Production","01491.01","Oil palm fruit","2012","2012","t","4670860","A","Official figure",""
"QCL","Crops and livestock products","170","Colombia","5510","Production","01491.01","Oil palm fruit","2013","2013","t","5053170.02","A","Official figure",""
"QCL","Crops and livestock products","170","Colombia","5510","Production","01491.01","Oil palm fruit","2014","2014","t","5531894.53","A","Official figure",""
"QCL","Crops and livestock products","170","Colombia","5510","Production","01491.01","Oil palm fruit","2015","2015","t","6249380.48","A","Official figure",""
"QCL","Crops and livestock products","170","Colombia","5510","Production","01491.01","Oil palm fruit","2016","2016","t","5612266.78","A","Official figure",""
"QCL","Crops and livestock products","170","Colombia","5510","Production","01491.01","Oil palm fruit","2017","2017","t","7914444","A","Official figure",""
"QCL","Crops and livestock products","170","Colombia","5510","Production","01491.01","Oil palm fruit","2018","2018","t","8267513","A","Official figure",""
"QCL","Crops and livestock products","170","Colombia","5510","Production","01491.01","Oil palm fruit","2019","2019","t","8390314","A","Official figure",""
"QCL","Crops and livestock products","170","Colombia","5510","Production","01491.01","Oil palm fruit","2020","2020","t","7172978","A","Official figure",""
"QCL","Crops and livestock products","170","Colombia","5510","Production","01491.01","Oil palm fruit","2021","2021","t","7886314","A","Official figure",""
"QCL","Crops and livestock products","170","Colombia","5510","Production","01491.01","Oil palm fruit","2022","2022","t","8026085","A","Official figure",""
"QCL","Crops and livestock products","170","Colombia","5510","Production","01491.01","Oil palm fruit","2023","2023","t","8321197","A","Official figure",""
"QCL","Crops and livestock products","170","Colombia","5510","Production","0141","Soya beans","2006","2006","t","54600","A","Official figure",""
"QCL","Crops and livestock products","170","Colombia","5510","Production","0141","Soya beans","2007","2007","t","52900","A","Official figure",""
"QCL","Crops and livestock products","170","Colombia","5510","Production","0141","Soya beans","2008","2008","t","56200","A","Official figure",""
"QCL","Crops and livestock products","170","Colombia","5510","Production","0141","Soya beans","2009","2009","t","59400","A","Official figure",""
"QCL","Crops and livestock products","170","Colombia","5510","Production","0141","Soya beans","2010","2010","t","54206.53","A","Official figure",""
"QCL","Crops and livestock products","170","Colombia","5510","Production","0141","Soya beans","2011","2011","t","75436","A","Official figure",""
"QCL","Crops and livestock products","170","Colombia","5510","Production","0141","Soya beans","2012","2012","t","86634","A","Official figure",""
"QCL","Crops and livestock products","170","Colombia","5510","Production","0141","Soya beans","2013","2013","t","85942.25","A","Official figure",""
"QCL","Crops and livestock products","170","Colombia","5510","Production","0141","Soya beans","2014","2014","t","90126.14","A","Official figure",""
"QCL","Crops and livestock products","170","Colombia","5510","Production","0141","Soya beans","2015","2015","t","87667.28","A","Official figure",""
"QCL","Crops and livestock products","170","Colombia","5510","Production","0141","Soya beans","2016","2016","t","80547.5","A","Official figure",""
"QCL","Crops and livestock products","170","Colombia","5510","Production","0141","Soya beans","2017","2017","t","80106","A","Official figure",""
"QCL","Crops and livestock products","170","Colombia","5510","Production","0141","Soya beans","2018","2018","t","92231","A","Official figure",""
"QCL","Crops and livestock products","170","Colombia","5510","Production","0141","Soya beans","2019","2019","t","114056","A","Official figure",""
"QCL","Crops and livestock products","170","Colombia","5510","Production","0141","Soya beans","2020","2020","t","119412","A","Official figure",""
"QCL","Crops and livestock products","170","Colombia","5510","Production","0141","Soya beans","2021","2021","t","122491.36","A","Official figure",""
"QCL","Crops and livestock products","170","Colombia","5510","Production","0141","Soya beans","2022","2022","t","141987.12","A","Official figure",""
"QCL","Crops and livestock products","170","Colombia","5510","Production","0141","Soya beans","2023","2023","t","196414","A","Official figure",""
"QCL","Crops and livestock products","170","Colombia","5510","Production","01802","Sugar cane","2006","2006","t","37100000","E","Estimated value",""
"QCL","Crops and livestock products","170","Colombia","5510","Production","01802","Sugar cane","2007","2007","t","35200000","E","Estimated value",""
"QCL","Crops and livestock products","170","Colombia","5510","Production","01802","Sugar cane","2008","2008","t","32300000","E","Estimated value",""
"QCL","Crops and livestock products","170","Colombia","5510","Production","01802","Sugar cane","2009","2009","t","36700000","E","Estimated value",""
"QCL","Crops and livestock products","170","Colombia","5510","Production","01802","Sugar cane","2010","2010","t","32538975.86","I","Imputed value",""
"QCL","Crops and livestock products","170","Colombia","5510","Production","01802","Sugar cane","2011","2011","t","34889672","A","Official figure",""
"QCL","Crops and livestock products","170","Colombia","5510","Production","01802","Sugar cane","2012","2012","t","33336952.72","A","Official figure",""
"QCL","Crops and livestock products","170","Colombia","5510","Production","01802","Sugar cane","2013","2013","t","34876332.89","A","Official figure",""
"QCL","Crops and livestock products","170","Colombia","5510","Production","01802","Sugar cane","2014","2014","t","38157132","A","Official figure",""
"QCL","Crops and livestock products","170","Colombia","5510","Production","01802","Sugar cane","2015","2015","t","36139166","A","Official figure",""
"QCL","Crops and livestock products","170","Colombia","5510","Production","01802","Sugar cane","2016","2016","t","34759606.06","A","Official figure",""
"QCL","Crops and livestock products","170","Colombia","5510","Production","01802","Sugar cane","2017","2017","t","23389039","A","Official figure",""
"QCL","Crops and livestock products","170","Colombia","5510","Production","01802","Sugar cane","2018","2018","t","33454409","A","Official figure",""
"QCL","Crops and livestock products","170","Colombia","5510","Production","01802","Sugar cane","2019","2019","t","33835406","A","Official figure",""
"QCL","Crops and livestock products","170","Colombia","5510","Production","01802","Sugar cane","2020","2020","t","36364744.04","A","Official figure",""
"QCL","Crops and livestock products","170","Colombia","5510","Production","01802","Sugar cane","2021","2021","t","34583307.13","A","Official figure",""
"QCL","Crops and livestock products","170","Colombia","5510","Production","01802","Sugar cane","2022","2022","t","35760538.66","A","Official figure",""
"QCL","Crops and livestock products","170","Colombia","5510","Production","01802","Sugar cane","2023","2023","t","32415574.92","A","Official figure",""
"QCL","Crops and livestock products","218","Ecuador","5510","Production","01640","Cocoa beans","2006","2006","t","87561","A","Official figure",""
"QCL","Crops and livestock products","218","Ecuador","5510","Production","01640","Cocoa beans","2007","2007","t","85891","A","Official figure",""
"QCL","Crops and livestock products","218","Ecuador","5510","Production","01640","Cocoa beans","2008","2008","t","94300","A","Official figure",""
"QCL","Crops and livestock products","218","Ecuador","5510","Production","01640","Cocoa beans","2009","2009","t","120581","A","Official figure",""
"QCL","Crops and livestock products","218","Ecuador","5510","Production","01640","Cocoa beans","2010","2010","t","132099","A","Official figure",""
"QCL","Crops and livestock products","218","Ecuador","5510","Production","01640","Cocoa beans","2011","2011","t","163151.73","A","Official figure",""
"QCL","Crops and livestock products","218","Ecuador","5510","Production","01640","Cocoa beans","2012","2012","t","133322.98","A","Official figure",""
"QCL","Crops and livestock products","218","Ecuador","5510","Production","01640","Cocoa beans","2013","2013","t","128446","A","Official figure",""
"QCL","Crops and livestock products","218","Ecuador","5510","Production","01640","Cocoa beans","2014","2014","t","156215.97","A","Official figure",""
"QCL","Crops and livestock products","218","Ecuador","5510","Production","01640","Cocoa beans","2015","2015","t","180192.38","A","Official figure",""
"QCL","Crops and livestock products","218","Ecuador","5510","Production","01640","Cocoa beans","2016","2016","t","177551.3","A","Official figure",""
"QCL","Crops and livestock products","218","Ecuador","5510","Production","01640","Cocoa beans","2017","2017","t","205955","A","Official figure",""
"QCL","Crops and livestock products","218","Ecuador","5510","Production","01640","Cocoa beans","2018","2018","t","235182","A","Official figure",""
"QCL","Crops and livestock products","218","Ecuador","5510","Production","01640","Cocoa beans","2019","2019","t","283679.55","A","Official figure",""
"QCL","Crops and livestock products","218","Ecuador","5510","Production","01640","Cocoa beans","2020","2020","t","327902.56","A","Official figure",""
"QCL","Crops and livestock products","218","Ecuador","5510","Production","01640","Cocoa beans","2021","2021","t","302093.9","A","Official figure",""
"QCL","Crops and livestock products","218","Ecuador","5510","Production","01640","Cocoa beans","2022","2022","t","337149.41","A","Official figure",""
"QCL","Crops and livestock products","218","Ecuador","5510","Production","01640","Cocoa beans","2023","2023","t","375719.14","A","Official figure",""
"QCL","Crops and livestock products","218","Ecuador","5510","Production","01610","Coffee, green","2006","2006","t","31461","A","Official figure",""
"QCL","Crops and livestock products","218","Ecuador","5510","Production","01610","Coffee, green","2007","2007","t","38687","A","Official figure",""
"QCL","Crops and livestock products","218","Ecuador","5510","Production","01610","Coffee, green","2008","2008","t","32096","A","Official figure",""
"QCL","Crops and livestock products","218","Ecuador","5510","Production","01610","Coffee, green","2009","2009","t","33624","A","Official figure",""
"QCL","Crops and livestock products","218","Ecuador","5510","Production","01610","Coffee, green","2010","2010","t","31347","A","Official figure",""
"QCL","Crops and livestock products","218","Ecuador","5510","Production","01610","Coffee, green","2011","2011","t","23829","A","Official figure",""
"QCL","Crops and livestock products","218","Ecuador","5510","Production","01610","Coffee, green","2012","2012","t","7340.03","A","Official figure",""
"QCL","Crops and livestock products","218","Ecuador","5510","Production","01610","Coffee, green","2013","2013","t","7760","A","Official figure",""
"QCL","Crops and livestock products","218","Ecuador","5510","Production","01610","Coffee, green","2014","2014","t","4224.53","A","Official figure",""
"QCL","Crops and livestock products","218","Ecuador","5510","Production","01610","Coffee, green","2015","2015","t","5297.44","A","Official figure",""
"QCL","Crops and livestock products","218","Ecuador","5510","Production","01610","Coffee, green","2016","2016","t","3904.53","A","Official figure",""
"QCL","Crops and livestock products","218","Ecuador","5510","Production","01610","Coffee, green","2017","2017","t","7564","A","Official figure",""
"QCL","Crops and livestock products","218","Ecuador","5510","Production","01610","Coffee, green","2018","2018","t","5065","A","Official figure",""
"QCL","Crops and livestock products","218","Ecuador","5510","Production","01610","Coffee, green","2019","2019","t","8140.98","A","Official figure",""
"QCL","Crops and livestock products","218","Ecuador","5510","Production","01610","Coffee, green","2020","2020","t","5280.29","A","Official figure",""
"QCL","Crops and livestock products","218","Ecuador","5510","Production","01610","Coffee, green","2021","2021","t","4916.87","A","Official figure",""
"QCL","Crops and livestock products","218","Ecuador","5510","Production","01610","Coffee, green","2022","2022","t","7965.97","A","Official figure",""
"QCL","Crops and livestock products","218","Ecuador","5510","Production","01610","Coffee, green","2023","2023","t","5584.19","A","Official figure",""
"QCL","Crops and livestock products","218","Ecuador","5510","Production","0112","Maize (corn)","2006","2006","t","733627","A","Official figure",""
"QCL","Crops and livestock products","218","Ecuador","5510","Production","0112","Maize (corn)","2007","2007","t","944952","A","Official figure",""
"QCL","Crops and livestock products","218","Ecuador","5510","Production","0112","Maize (corn)","2008","2008","t","804503","A","Official figure",""
"QCL","Crops and livestock products","218","Ecuador","5510","Production","0112","Maize (corn)","2009","2009","t","811386","A","Official figure",""
"QCL","Crops and livestock products","218","Ecuador","5510","Production","0112","Maize (corn)","2010","2010","t","984096","A","Official figure",""
"QCL","Crops and livestock products","218","Ecuador","5510","Production","0112","Maize (corn)","2011","2011","t","963262","A","Official figure",""
"QCL","Crops and livestock products","218","Ecuador","5510","Production","0112","Maize (corn)","2012","2012","t","1329532","A","Official figure",""
"QCL","Crops and livestock products","218","Ecuador","5510","Production","0112","Maize (corn)","2013","2013","t","1177182","A","Official figure",""
"QCL","Crops and livestock products","218","Ecuador","5510","Production","0112","Maize (corn)","2014","2014","t","1667703.92","A","Official figure",""
"QCL","Crops and livestock products","218","Ecuador","5510","Production","0112","Maize (corn)","2015","2015","t","1873524.66","A","Official figure",""
"QCL","Crops and livestock products","218","Ecuador","5510","Production","0112","Maize (corn)","2016","2016","t","1091108.07","A","Official figure",""
"QCL","Crops and livestock products","218","Ecuador","5510","Production","0112","Maize (corn)","2017","2017","t","1436105.75","A","Official figure",""
"QCL","Crops and livestock products","218","Ecuador","5510","Production","0112","Maize (corn)","2018","2018","t","1324147","A","Official figure",""
"QCL","Crops and livestock products","218","Ecuador","5510","Production","0112","Maize (corn)","2019","2019","t","1479769.89","A","Official figure",""
"QCL","Crops and livestock products","218","Ecuador","5510","Production","0112","Maize (corn)","2020","2020","t","1304884","A","Official figure",""
"QCL","Crops and livestock products","218","Ecuador","5510","Production","0112","Maize (corn)","2021","2021","t","1699369.61","A","Official figure",""
"QCL","Crops and livestock products","218","Ecuador","5510","Production","0112","Maize (corn)","2022","2022","t","1641131.23","A","Official figure",""
"QCL","Crops and livestock products","218","Ecuador","5510","Production","0112","Maize (corn)","2023","2023","t","1413382.16","A","Official figure",""
"QCL","Crops and livestock products","218","Ecuador","5510","Production","21111.01","Meat of cattle with the bone, fresh or chilled","2006","2006","t","210500","A","Official figure",""
"QCL","Crops and livestock products","218","Ecuador","5510","Production","21111.01","Meat of cattle with the bone, fresh or chilled","2007","2007","t","233124","A","Official figure",""
"QCL","Crops and livestock products","218","Ecuador","5510","Production","21111.01","Meat of cattle with the bone, fresh or chilled","2008","2008","t","248050","A","Official figure",""
"QCL","Crops and livestock products","218","Ecuador","5510","Production","21111.01","Meat of cattle with the bone, fresh or chilled","2009","2009","t","265200","E","Estimated value",""
"QCL","Crops and livestock products","218","Ecuador","5510","Production","21111.01","Meat of cattle with the bone, fresh or chilled","2010","2010","t","260000","E","Estimated value",""
"QCL","Crops and livestock products","218","Ecuador","5510","Production","21111.01","Meat of cattle with the bone, fresh or chilled","2011","2011","t","268000","E","Estimated value",""
"QCL","Crops and livestock products","218","Ecuador","5510","Production","21111.01","Meat of cattle with the bone, fresh or chilled","2012","2012","t","265000.01","E","Estimated value",""
"QCL","Crops and livestock products","218","Ecuador","5510","Production","21111.01","Meat of cattle with the bone, fresh or chilled","2013","2013","t","260500.01","E","Estimated value",""
"QCL","Crops and livestock products","218","Ecuador","5510","Production","21111.01","Meat of cattle with the bone, fresh or chilled","2014","2014","t","231569.61","I","Imputed value",""
"QCL","Crops and livestock products","218","Ecuador","5510","Production","21111.01","Meat of cattle with the bone, fresh or chilled","2015","2015","t","214787.87","I","Imputed value",""
"QCL","Crops and livestock products","218","Ecuador","5510","Production","21111.01","Meat of cattle with the bone, fresh or chilled","2016","2016","t","214248.33","I","Imputed value",""
"QCL","Crops and livestock products","218","Ecuador","5510","Production","21111.01","Meat of cattle with the bone, fresh or chilled","2017","2017","t","221880.02","I","Imputed value",""
"QCL","Crops and livestock products","218","Ecuador","5510","Production","21111.01","Meat of cattle with the bone, fresh or chilled","2018","2018","t","218203.6","I","Imputed value",""
"QCL","Crops and livestock products","218","Ecuador","5510","Production","21111.01","Meat of cattle with the bone, fresh or chilled","2019","2019","t","232981.62","I","Imputed value",""
"QCL","Crops and livestock products","218","Ecuador","5510","Production","21111.01","Meat of cattle with the bone, fresh or chilled","2020","2020","t","237244.09","I","Imputed value",""
"QCL","Crops and livestock products","218","Ecuador","5510","Production","21111.01","Meat of cattle with the bone, fresh or chilled","2021","2021","t","223248.59","I","Imputed value",""
"QCL","Crops and livestock products","218","Ecuador","5510","Production","21111.01","Meat of cattle with the bone, fresh or chilled","2022","2022","t","214568.81","I","Imputed value",""
"QCL","Crops and livestock products","218","Ecuador","5510","Production","21111.01","Meat of cattle with the bone, fresh or chilled","2023","2023","t","209054.88","I","Imputed value",""
"QCL","Crops and livestock products","218","Ecuador","5510","Production","01491.01","Oil palm fruit","2006","2006","t","1673088","A","Official figure",""
"QCL","Crops and livestock products","218","Ecuador","5510","Production","01491.01","Oil palm fruit","2007","2007","t","1809473","A","Official figure",""
"QCL","Crops and livestock products","218","Ecuador","5510","Production","01491.01","Oil palm fruit","2008","2008","t","2204314","A","Official figure",""
"QCL","Crops and livestock products","218","Ecuador","5510","Production","01491.01","Oil palm fruit","2009","2009","t","2226775","A","Official figure",""
"QCL","Crops and livestock products","218","Ecuador","5510","Production","01491.01","Oil palm fruit","2010","2010","t","2850465","A","Official figure",""
"QCL","Crops and livestock products","218","Ecuador","5510","Production","01491.01","Oil palm fruit","2011","2011","t","2097356","A","Official figure",""
"QCL","Crops and livestock products","218","Ecuador","5510","Production","01491.01","Oil palm fruit","2012","2012","t","2649051","A","Official figure",""
"QCL","Crops and livestock products","218","Ecuador","5510","Production","01491.01","Oil palm fruit","2013","2013","t","2316838","A","Official figure",""
"QCL","Crops and livestock products","218","Ecuador","5510","Production","01491.01","Oil palm fruit","2014","2014","t","3468510.34","A","Official figure",""
"QCL","Crops and livestock products","218","Ecuador","5510","Production","01491.01","Oil palm fruit","2015","2015","t","4175658.55","A","Official figure",""
"QCL","Crops and livestock products","218","Ecuador","5510","Production","01491.01","Oil palm fruit","2016","2016","t","3124068.81","A","Official figure",""
"QCL","Crops and livestock products","218","Ecuador","5510","Production","01491.01","Oil palm fruit","2017","2017","t","3275993","A","Official figure",""
"QCL","Crops and livestock products","218","Ecuador","5510","Production","01491.01","Oil palm fruit","2018","2018","t","2785756","A","Official figure",""
"QCL","Crops and livestock products","218","Ecuador","5510","Production","01491.01","Oil palm fruit","2019","2019","t","2275948.06","A","Official figure",""
"QCL","Crops and livestock products","218","Ecuador","5510","Production","01491.01","Oil palm fruit","2020","2020","t","2446312.17","A","Official figure",""
"QCL","Crops and livestock products","218","Ecuador","5510","Production","01491.01","Oil palm fruit","2021","2021","t","2418855.36","A","Official figure",""
"QCL","Crops and livestock products","218","Ecuador","5510","Production","01491.01","Oil palm fruit","2022","2022","t","2296402.23","A","Official figure",""
"QCL","Crops and livestock products","218","Ecuador","5510","Production","01491.01","Oil palm fruit","2023","2023","t","2049699.57","A","Official figure",""
"QCL","Crops and livestock products","218","Ecuador","5510","Production","0141","Soya beans","2006","2006","t","23000","X","Figure from international organizations","Unofficial figure"
"QCL","Crops and livestock products","218","Ecuador","5510","Production","0141","Soya beans","2007","2007","t","55000","X","Figure from international organizations","Unofficial figure"
"QCL","Crops and livestock products","218","Ecuador","5510","Production","0141","Soya beans","2008","2008","t","64000","X","Figure from international organizations","Unofficial figure"
"QCL","Crops and livestock products","218","Ecuador","5510","Production","0141","Soya beans","2009","2009","t","68000","X","Figure from international organizations","Unofficial figure"
"QCL","Crops and livestock products","218","Ecuador","5510","Production","0141","Soya beans","2010","2010","t","70000","X","Figure from international organizations","Unofficial figure"
"QCL","Crops and livestock products","218","Ecuador","5510","Production","0141","Soya beans","2011","2011","t","78000","X","Figure from international organizations","Unofficial figure"
"QCL","Crops and livestock products","218","Ecuador","5510","Production","0141","Soya beans","2012","2012","t","66000","X","Figure from international organizations","Unofficial figure"
"QCL","Crops and livestock products","218","Ecuador","5510","Production","0141","Soya beans","2013","2013","t","68000","X","Figure from international organizations","Unofficial figure"
"QCL","Crops and livestock products","218","Ecuador","5510","Production","0141","Soya beans","2014","2014","t","32681.16","A","Official figure",""
"QCL","Crops and livestock products","218","Ecuador","5510","Production","0141","Soya beans","2015","2015","t","32696.99","A","Official figure",""
"QCL","Crops and livestock products","218","Ecuador","5510","Production","0141","Soya beans","2016","2016","t","41787.81","A","Official figure",""
"QCL","Crops and livestock products","218","Ecuador","5510","Production","0141","Soya beans","2017","2017","t","35006","A","Official figure",""
"QCL","Crops and livestock products","218","Ecuador","5510","Production","0141","Soya beans","2018","2018","t","25504","A","Official figure",""
"QCL","Crops and livestock products","218","Ecuador","5510","Production","0141","Soya beans","2019","2019","t","39514.72","A","Official figure",""
"QCL","Crops and livestock products","218","Ecuador","5510","Production","0141","Soya beans","2020","2020","t","27238.07","A","Official figure",""
"QCL","Crops and livestock products","218","Ecuador","5510","Production","0141","Soya beans","2021","2021","t","20076.95","A","Official figure",""
"QCL","Crops and livestock products","218","Ecuador","5510","Production","0141","Soya beans","2022","2022","t","29453.73","A","Official figure",""
"QCL","Crops and livestock products","218","Ecuador","5510","Production","0141","Soya beans","2023","2023","t","13112.2","A","Official figure",""
"QCL","Crops and livestock products","218","Ecuador","5510","Production","01802","Sugar cane","2006","2006","t","6995613","A","Official figure",""
"QCL","Crops and livestock products","218","Ecuador","5510","Production","01802","Sugar cane","2007","2007","t","8360001","A","Official figure",""
"QCL","Crops and livestock products","218","Ecuador","5510","Production","01802","Sugar cane","2008","2008","t","9341095","A","Official figure",""
"QCL","Crops and livestock products","218","Ecuador","5510","Production","01802","Sugar cane","2009","2009","t","8473141","A","Official figure",""
"QCL","Crops and livestock products","218","Ecuador","5510","Production","01802","Sugar cane","2010","2010","t","8347182","A","Official figure",""
"QCL","Crops and livestock products","218","Ecuador","5510","Production","01802","Sugar cane","2011","2011","t","8131819","A","Official figure",""
"QCL","Crops and livestock products","218","Ecuador","5510","Production","01802","Sugar cane","2012","2012","t","7378922","A","Official figure",""
"QCL","Crops and livestock products","218","Ecuador","5510","Production","01802","Sugar cane","2013","2013","t","7158265","A","Official figure",""
"QCL","Crops and livestock products","218","Ecuador","5510","Production","01802","Sugar cane","2014","2014","t","8251305.86","A","Official figure",""
"QCL","Crops and livestock products","218","Ecuador","5510","Production","01802","Sugar cane","2015","2015","t","10106104.82","A","Official figure",""
"QCL","Crops and livestock products","218","Ecuador","5510","Production","01802","Sugar cane","2016","2016","t","8661609.27","A","Official figure",""
"QCL","Crops and livestock products","218","Ecuador","5510","Production","01802","Sugar cane","2017","2017","t","9030074","A","Official figure",""
"QCL","Crops and livestock products","218","Ecuador","5510","Production","01802","Sugar cane","2018","2018","t","7502251","A","Official figure",""
"QCL","Crops and livestock products","218","Ecuador","5510","Production","01802","Sugar cane","2019","2019","t","9257700.24","A","Official figure",""
"QCL","Crops and livestock products","218","Ecuador","5510","Production","01802","Sugar cane","2020","2020","t","11016167.04","A","Official figure",""
"QCL","Crops and livestock products","218","Ecuador","5510","Production","01802","Sugar cane","2021","2021","t","11372505.11","A","Official figure",""
"QCL","Crops and livestock products","218","Ecuador","5510","Production","01802","Sugar cane","2022","2022","t","7740492.1","A","Official figure",""
"QCL","Crops and livestock products","218","Ecuador","5510","Production","01802","Sugar cane","2023","2023","t","6253732.36","A","Official figure",""
"QCL","Crops and livestock products","604","Peru","5510","Production","01640","Cocoa beans","2006","2006","t","31676","A","Official figure",""
"QCL","Crops and livestock products","604","Peru","5510","Production","01640","Cocoa beans","2007","2007","t","31387","A","Official figure",""
"QCL","Crops and livestock products","604","Peru","5510","Production","01640","Cocoa beans","2008","2008","t","34003","A","Official figure",""
"QCL","Crops and livestock products","604","Peru","5510","Production","01640","Cocoa beans","2009","2009","t","36803","A","Official figure",""
"QCL","Crops and livestock products","604","Peru","5510","Production","01640","Cocoa beans","2010","2010","t","46613","A","Official figure",""
"QCL","Crops and livestock products","604","Peru","5510","Production","01640","Cocoa beans","2011","2011","t","56499","A","Official figure",""
"QCL","Crops and livestock products","604","Peru","5510","Production","01640","Cocoa beans","2012","2012","t","62491.58","A","Official figure",""
"QCL","Crops and livestock products","604","Peru","5510","Production","01640","Cocoa beans","2013","2013","t","71175.41","A","Official figure",""
"QCL","Crops and livestock products","604","Peru","5510","Production","01640","Cocoa beans","2014","2014","t","81651","A","Official figure",""
"QCL","Crops and livestock products","604","Peru","5510","Production","01640","Cocoa beans","2015","2015","t","92592","A","Official figure",""
"QCL","Crops and livestock products","604","Peru","5510","Production","01640","Cocoa beans","2016","2016","t","107921.51","A","Official figure",""
"QCL","Crops and livestock products","604","Peru","5510","Production","01640","Cocoa beans","2017","2017","t","121814","A","Official figure",""
"QCL","Crops and livestock products","604","Peru","5510","Production","01640","Cocoa beans","2018","2018","t","134675.74","A","Official figure",""
"QCL","Crops and livestock products","604","Peru","5510","Production","01640","Cocoa beans","2019","2019","t","141775.25","A","Official figure",""
"QCL","Crops and livestock products","604","Peru","5510","Production","01640","Cocoa beans","2020","2020","t","158943.58","A","Official figure",""
"QCL","Crops and livestock products","604","Peru","5510","Production","01640","Cocoa beans","2021","2021","t","160521.54","A","Official figure",""
"QCL","Crops and livestock products","604","Peru","5510","Production","01640","Cocoa beans","2022","2022","t","172058.33","A","Official figure",""
"QCL","Crops and livestock products","604","Peru","5510","Production","01640","Cocoa beans","2023","2023","t","166708.8","A","Official figure",""
"QCL","Crops and livestock products","604","Peru","5510","Production","01610","Coffee, green","2006","2006","t","273178","A","Official figure",""
"QCL","Crops and livestock products","604","Peru","5510","Production","01610","Coffee, green","2007","2007","t","225992","A","Official figure",""
"QCL","Crops and livestock products","604","Peru","5510","Production","01610","Coffee, green","2008","2008","t","273780","A","Official figure",""
"QCL","Crops and livestock products","604","Peru","5510","Production","01610","Coffee, green","2009","2009","t","243479","A","Official figure",""
"QCL","Crops and livestock products","604","Peru","5510","Production","01610","Coffee, green","2010","2010","t","264605","A","Official figure",""
"QCL","Crops and livestock products","604","Peru","5510","Production","01610","Coffee, green","2011","2011","t","331547","A","Official figure",""
"QCL","Crops and livestock products","604","Peru","5510","Production","01610","Coffee, green","2012","2012","t","320163.56","A","Official figure",""
"QCL","Crops and livestock products","604","Peru","5510","Production","01610","Coffee, green","2013","2013","t","256241.43","A","Official figure",""
"QCL","Crops and livestock products","604","Peru","5510","Production","01610","Coffee, green","2014","2014","t","222047","A","Official figure",""
"QCL","Crops and livestock products","604","Peru","5510","Production","01610","Coffee, green","2015","2015","t","251938","A","Official figure",""
"QCL","Crops and livestock products","604","Peru","5510","Production","01610","Coffee, green","2016","2016","t","277760.4","A","Official figure",""
"QCL","Crops and livestock products","604","Peru","5510","Production","01610","Coffee, green","2017","2017","t","337330","A","Official figure",""
"QCL","Crops and livestock products","604","Peru","5510","Production","01610","Coffee, green","2018","2018","t","369621.99","A","Official figure",""
"QCL","Crops and livestock products","604","Peru","5510","Production","01610","Coffee, green","2019","2019","t","363319.59","A","Official figure",""
"QCL","Crops and livestock products","604","Peru","5510","Production","01610","Coffee, green","2020","2020","t","353205.74","A","Official figure",""
"QCL","Crops and livestock products","604","Peru","5510","Production","01610","Coffee, green","2021","2021","t","363996.83","A","Official figure",""
"QCL","Crops and livestock products","604","Peru","5510","Production","01610","Coffee, green","2022","2022","t","358177.68","A","Official figure",""
"QCL","Crops and livestock products","604","Peru","5510","Production","01610","Coffee, green","2023","2023","t","369550.52","A","Official figure",""
"QCL","Crops and livestock products","604","Peru","5510","Production","0112","Maize (corn)","2006","2006","t","1268975","A","Official figure",""
"QCL","Crops and livestock products","604","Peru","5510","Production","0112","Maize (corn)","2007","2007","t","1368244","A","Official figure",""
"QCL","Crops and livestock products","604","Peru","5510","Production","0112","Maize (corn)","2008","2008","t","1480896","A","Official figure",""
"QCL","Crops and livestock products","604","Peru","5510","Production","0112","Maize (corn)","2009","2009","t","1559745","A","Official figure",""
"QCL","Crops and livestock products","604","Peru","5510","Production","0112","Maize (corn)","2010","2010","t","1541195","A","Official figure",""
"QCL","Crops and livestock products","604","Peru","5510","Production","0112","Maize (corn)","2011","2011","t","1515774","A","Official figure",""
"QCL","Crops and livestock products","604","Peru","5510","Production","0112","Maize (corn)","2012","2012","t","1673873.64","A","Official figure",""
"QCL","Crops and livestock products","604","Peru","5510","Production","0112","Maize (corn)","2013","2013","t","1670470","A","Official figure",""
"QCL","Crops and livestock products","604","Peru","5510","Production","0112","Maize (corn)","2014","2014","t","1529636","A","Official figure",""
"QCL","Crops and livestock products","604","Peru","5510","Production","0112","Maize (corn)","2015","2015","t","1746428","A","Official figure",""
"QCL","Crops and livestock products","604","Peru","5510","Production","0112","Maize (corn)","2016","2016","t","1575955.17","A","Official figure",""
"QCL","Crops and livestock products","604","Peru","5510","Production","0112","Maize (corn)","2017","2017","t","1523469","A","Official figure",""
"QCL","Crops and livestock products","604","Peru","5510","Production","0112","Maize (corn)","2018","2018","t","1576752","A","Official figure",""
"QCL","Crops and livestock products","604","Peru","5510","Production","0112","Maize (corn)","2019","2019","t","1575955","A","Official figure",""
"QCL","Crops and livestock products","604","Peru","5510","Production","0112","Maize (corn)","2020","2020","t","1448383","A","Official figure",""
"QCL","Crops and livestock products","604","Peru","5510","Production","0112","Maize (corn)","2021","2021","t","1582556.54","A","Official figure",""
"QCL","Crops and livestock products","604","Peru","5510","Production","0112","Maize (corn)","2022","2022","t","1608838.81","A","Official figure",""
"QCL","Crops and livestock products","604","Peru","5510","Production","0112","Maize (corn)","2023","2023","t","1640374.04","A","Official figure",""
"QCL","Crops and livestock products","604","Peru","5510","Production","21111.01","Meat of cattle with the bone, fresh or chilled","2006","2006","t","161578.26","A","Official figure",""
"QCL","Crops and livestock products","604","Peru","5510","Production","21111.01","Meat of cattle with the bone, fresh or chilled","2007","2007","t","163235","A","Official figure",""
"QCL","Crops and livestock products","604","Peru","5510","Production","21111.01","Meat of cattle with the bone, fresh or chilled","2008","2008","t","163318","A","Official figure",""
"QCL","Crops and livestock products","604","Peru","5510","Production","21111.01","Meat of cattle with the bone, fresh or chilled","2009","2009","t","164704","A","Official figure",""
"QCL","Crops and livestock products","604","Peru","5510","Production","21111.01","Meat of cattle with the bone, fresh or chilled","2010","2010","t","171872","A","Official figure",""
"QCL","Crops and livestock products","604","Peru","5510","Production","21111.01","Meat of cattle with the bone, fresh or chilled","2011","2011","t","179084.39","A","Official figure",""
"QCL","Crops and livestock products","604","Peru","5510","Production","21111.01","Meat of cattle with the bone, fresh or chilled","2012","2012","t","186616.87","A","Official figure",""
"QCL","Crops and livestock products","604","Peru","5510","Production","21111.01","Meat of cattle with the bone, fresh or chilled","2013","2013","t","193087.24","A","Official figure",""
"QCL","Crops and livestock products","604","Peru","5510","Production","21111.01","Meat of cattle with the bone, fresh or chilled","2014","2014","t","196232","A","Official figure",""
"QCL","Crops and livestock products","604","Peru","5510","Production","21111.01","Meat of cattle with the bone, fresh or chilled","2015","2015","t","196014.92","A","Official figure",""
"QCL","Crops and livestock products","604","Peru","5510","Production","21111.01","Meat of cattle with the bone, fresh or chilled","2016","2016","t","192703","A","Official figure",""
"QCL","Crops and livestock products","604","Peru","5510","Production","21111.01","Meat of cattle with the bone, fresh or chilled","2017","2017","t","188738","A","Official figure",""
"QCL","Crops and livestock products","604","Peru","5510","Production","21111.01","Meat of cattle with the bone, fresh or chilled","2018","2018","t","189703","A","Official figure",""
"QCL","Crops and livestock products","604","Peru","5510","Production","21111.01","Meat of cattle with the bone, fresh or chilled","2019","2019","t","192919.59","A","Official figure",""
"QCL","Crops and livestock products","604","Peru","5510","Production","21111.01","Meat of cattle with the bone, fresh or chilled","2020","2020","t","183941.13","A","Official figure",""
"QCL","Crops and livestock products","604","Peru","5510","Production","21111.01","Meat of cattle with the bone, fresh or chilled","2021","2021","t","189922.92","A","Official figure",""
"QCL","Crops and livestock products","604","Peru","5510","Production","21111.01","Meat of cattle with the bone, fresh or chilled","2022","2022","t","192718.4","A","Official figure",""
"QCL","Crops and livestock products","604","Peru","5510","Production","21111.01","Meat of cattle with the bone, fresh or chilled","2023","2023","t","198722.99","A","Official figure",""
"QCL","Crops and livestock products","604","Peru","5510","Production","01491.01","Oil palm fruit","2006","2006","t","236374","A","Official figure",""
"QCL","Crops and livestock products","604","Peru","5510","Production","01491.01","Oil palm fruit","2007","2007","t","238448","A","Official figure",""
"QCL","Crops and livestock products","604","Peru","5510","Production","01491.01","Oil palm fruit","2008","2008","t","265250","E","Estimated value",""
"QCL","Crops and livestock products","604","Peru","5510","Production","01491.01","Oil palm fruit","2009","2009","t","268268","A","Official figure",""
"QCL","Crops and livestock products","604","Peru","5510","Production","01491.01","Oil palm fruit","2010","2010","t","291802","A","Official figure",""
"QCL","Crops and livestock products","604","Peru","5510","Production","01491.01","Oil palm fruit","2011","2011","t","359784","A","Official figure",""
"QCL","Crops and livestock products","604","Peru","5510","Production","01491.01","Oil palm fruit","2012","2012","t","518319","A","Official figure",""
"QCL","Crops and livestock products","604","Peru","5510","Production","01491.01","Oil palm fruit","2013","2013","t","566583","A","Official figure",""
"QCL","Crops and livestock products","604","Peru","5510","Production","01491.01","Oil palm fruit","2014","2014","t","617634","A","Official figure",""
"QCL","Crops and livestock products","604","Peru","5510","Production","01491.01","Oil palm fruit","2015","2015","t","684301","A","Official figure",""
"QCL","Crops and livestock products","604","Peru","5510","Production","01491.01","Oil palm fruit","2016","2016","t","736345","A","Official figure",""
"QCL","Crops and livestock products","604","Peru","5510","Production","01491.01","Oil palm fruit","2017","2017","t","852022","A","Official figure",""
"QCL","Crops and livestock products","604","Peru","5510","Production","01491.01","Oil palm fruit","2018","2018","t","921000.61","A","Official figure",""
"QCL","Crops and livestock products","604","Peru","5510","Production","01491.01","Oil palm fruit","2019","2019","t","932210.29","A","Official figure",""
"QCL","Crops and livestock products","604","Peru","5510","Production","01491.01","Oil palm fruit","2020","2020","t","898480.73","A","Official figure",""
"QCL","Crops and livestock products","604","Peru","5510","Production","01491.01","Oil palm fruit","2021","2021","t","1317115.5","A","Official figure",""
"QCL","Crops and livestock products","604","Peru","5510","Production","01491.01","Oil palm fruit","2022","2022","t","1504600.49","A","Official figure",""
"QCL","Crops and livestock products","604","Peru","5510","Production","01491.01","Oil palm fruit","2023","2023","t","1521102.54","A","Official figure",""
"QCL","Crops and livestock products","604","Peru","5510","Production","0141","Soya beans","2006","2006","t","3733","A","Official figure",""
"QCL","Crops and livestock products","604","Peru","5510","Production","0141","Soya beans","2007","2007","t","2683","A","Official figure",""
"QCL","Crops and livestock products","604","Peru","5510","Production","0141","Soya beans","2008","2008","t","3378","A","Official figure",""
"QCL","Crops and livestock products","604","Peru","5510","Production","0141","Soya beans","2009","2009","t","3441","A","Official figure",""
"QCL","Crops and livestock products","604","Peru","5510","Production","0141","Soya beans","2010","2010","t","2534","A","Official figure",""
"QCL","Crops and livestock products","604","Peru","5510","Production","0141","Soya beans","2011","2011","t","2994","A","Official figure",""
"QCL","Crops and livestock products","604","Peru","5510","Production","0141","Soya beans","2012","2012","t","2251","A","Official figure",""
"QCL","Crops and livestock products","604","Peru","5510","Production","0141","Soya beans","2013","2013","t","2709","A","Official figure",""
"QCL","Crops and livestock products","604","Peru","5510","Production","0141","Soya beans","2014","2014","t","2119","A","Official figure",""
"QCL","Crops and livestock products","604","Peru","5510","Production","0141","Soya beans","2015","2015","t","1911","A","Official figure",""
"QCL","Crops and livestock products","604","Peru","5510","Production","0141","Soya beans","2016","2016","t","1371.22","A","Official figure",""
"QCL","Crops and livestock products","604","Peru","5510","Production","0141","Soya beans","2017","2017","t","1581","A","Official figure",""
"QCL","Crops and livestock products","604","Peru","5510","Production","0141","Soya beans","2018","2018","t","1529.54","A","Official figure",""
"QCL","Crops and livestock products","604","Peru","5510","Production","0141","Soya beans","2019","2019","t","1475.27","A","Official figure",""
"QCL","Crops and livestock products","604","Peru","5510","Production","0141","Soya beans","2020","2020","t","1533.76","A","Official figure",""
"QCL","Crops and livestock products","604","Peru","5510","Production","0141","Soya beans","2021","2021","t","1683.49","A","Official figure",""
"QCL","Crops and livestock products","604","Peru","5510","Production","0141","Soya beans","2022","2022","t","1685.54","A","Official figure",""
"QCL","Crops and livestock products","604","Peru","5510","Production","0141","Soya beans","2023","2023","t","2714.25","A","Official figure",""
"QCL","Crops and livestock products","604","Peru","5510","Production","01802","Sugar cane","2006","2006","t","7251260","A","Official figure",""
"QCL","Crops and livestock products","604","Peru","5510","Production","01802","Sugar cane","2007","2007","t","8228623","A","Official figure",""
"QCL","Crops and livestock products","604","Peru","5510","Production","01802","Sugar cane","2008","2008","t","9395959","A","Official figure",""
"QCL","Crops and livestock products","604","Peru","5510","Production","01802","Sugar cane","2009","2009","t","9936945","A","Official figure",""
"QCL","Crops and livestock products","604","Peru","5510","Production","01802","Sugar cane","2010","2010","t","9854961","A","Official figure",""
"QCL","Crops and livestock products","604","Peru","5510","Production","01802","Sugar cane","2011","2011","t","9884936","A","Official figure",""
"QCL","Crops and livestock products","604","Peru","5510","Production","01802","Sugar cane","2012","2012","t","10368866","A","Official figure",""
"QCL","Crops and livestock products","604","Peru","5510","Production","01802","Sugar cane","2013","2013","t","10992240.3","A","Official figure",""
"QCL","Crops and livestock products","604","Peru","5510","Production","01802","Sugar cane","2014","2014","t","11389617.19","A","Official figure",""
"QCL","Crops and livestock products","604","Peru","5510","Production","01802","Sugar cane","2015","2015","t","10211856","A","Official figure",""
"QCL","Crops and livestock products","604","Peru","5510","Production","01802","Sugar cane","2016","2016","t","9832525.59","A","Official figure",""
"QCL","Crops and livestock products","604","Peru","5510","Production","01802","Sugar cane","2017","2017","t","9399617","A","Official figure",""
"QCL","Crops and livestock products","604","Peru","5510","Production","01802","Sugar cane","2018","2018","t","10336177.91","A","Official figure",""
"QCL","Crops and livestock products","604","Peru","5510","Production","01802","Sugar cane","2019","2019","t","10902905.88","A","Official figure",""
"QCL","Crops and livestock products","604","Peru","5510","Production","01802","Sugar cane","2020","2020","t","10465212.16","A","Official figure",""
"QCL","Crops and livestock products","604","Peru","5510","Production","01802","Sugar cane","2021","2021","t","9837219.21","A","Official figure",""
"QCL","Crops and livestock products","604","Peru","5510","Production","01802","Sugar cane","2022","2022","t","9583744.1","A","Official figure",""
"QCL","Crops and livestock products","604","Peru","5510","Production","01802","Sugar cane","2023","2023","t","10087750.68","A","Official figure",""
