producer_country,commodity,exporter_group,fin_flows,legal_entity
Peru,"Coffee, green",A & V CAFE S A C,FALSE,FALSE
Colombia,Cattle meat,A T R LTD ASESORIA TECNICA EN RODAMIENTOS LIMITTTTTADA,FALSE,FALSE
Brazil,Cattle meat,ABATEDOURO DE BOVINOS SAMPAIO LTDA,FALSE,TRUE
Brazil,Sugar cane,ABENGOA BIOENERGIA AGROINDUSTRIA,TRUE,TRUE
Brazil,Sugar cane,ACUCAR E ALCOOL OSWALDO RIBEIRO DE,FALSE,TRUE
Brazil,Soya beans,ADECOAGRO,TRUE,TRUE
Brazil,Sugar cane,ADECOAGRO,TRUE,TRUE
Brazil,Soya beans,ADM,TRUE,TRUE
Brazil,Soya beans,AFG BRASIL,FALSE,TRUE
Brazil,Cattle meat,AG STA-RITA IMPORTACAO E EXPORTACAO LTDA - EPP,FALSE,FALSE
Brazil,Cattle meat,AGL AGROINDUSTRIAL,FALSE,FALSE
Brazil,Cattle meat,AGRA AGROINDUSTRIAL DE ALIMENTOS,FALSE,TRUE
Brazil,Soya beans,AGRICOLA E PECUARIA MORRO AZUL,FALSE,FALSE
Ecuador,Cocoa beans,AGRICOLA GUANGALA S A AGRIGUANGALA,FALSE,FALSE
Brazil,Soya beans,AGRINVEST BRASIL,FALSE,TRUE
Peru,Cocoa beans,AGRO SAN GERARDO E I R L,FALSE,FALSE
Brazil,Cattle meat,AGROEXPORT TRADING E AGRONEGOCIOS,FALSE,TRUE
Brazil,Cattle meat,AGROGLOBAL AGRONEGOCIOS EXPORTACAO E IMPORTACAO REPRESENTACO,FALSE,FALSE
Colombia,Cattle meat,AGROIND COL COLOMBIA S A S,FALSE,FALSE
Bolivia,Soya beans,AGROINDUSTRIA CAICO SA,FALSE,FALSE
Brazil,Cattle meat,AGROINDUSTRIAL IGUATEMI,FALSE,TRUE
Brazil,Sugar cane,AGROINDUSTRIAL SANTA JULIANA,TRUE,TRUE
Ecuador,Cocoa beans,AGROINDUSTRIAS ARRIBA DEL ECUADOR AGROARRIBA S A,FALSE,TRUE
Colombia,Cattle meat,AGROINDUSTRIAS ASAF S A S,FALSE,FALSE
Colombia,Cattle meat,AGROINVERSIONES BRASIL S A S GRUPO AGB,FALSE,FALSE
Brazil,Cattle meat,AGROMASS BRASIL AGROPECUARIA - IMPORTACAO E EXPORTACAO LTDA - EPP,FALSE,TRUE
Colombia,Cattle meat,AGROP AZTECA S A,FALSE,FALSE
Colombia,Cattle meat,AGROP EL BUFALO S A,FALSE,TRUE
Brazil,Oil palm fruit,AGROPALMA S/A,FALSE,TRUE
Brazil,Cattle meat,AGROPECUARIA SANTA RITA DO MARAJO SOCIEDADE ANONIMA,FALSE,TRUE
Bolivia,Soya beans,AGROTRAM SRL,FALSE,FALSE
Peru,Cocoa beans,ALGARROBOS ORGANICOS DEL PERU SOCIEDAD A,FALSE,FALSE
Brazil,Cattle meat,ALIMENTOS ESTRELA,FALSE,TRUE
Colombia,Cattle meat,ALIMS CARNICOS S A S,FALSE,FALSE
Peru,Cocoa beans,ALTO EL SOL PERU SOCIEDAD ANONIMA CERRAD,FALSE,FALSE
Brazil,Cattle meat,ALVO CONSULTORIA E AGRONEGOCIOS,FALSE,FALSE
Brazil,Soya beans,AMAGGI,TRUE,TRUE
Brazil,Soya beans,AMAGGI EXPORTACAO ET IMPORTACAO LTDA,TRUE,TRUE
Peru,Cocoa beans,AMAZONAS TRADING PERU S A C,FALSE,TRUE
Brazil,Soya beans,AMCEL - AMAPA FLORESTAL E CELULOSE,TRUE,TRUE
Brazil,Cattle meat,AMERICA SUD INDUSTRIA E COMERCIO DE CARNES EIRELI,FALSE,FALSE
Colombia,Cattle meat,AMERICAN TRADE S A S,FALSE,TRUE
Colombia,Cattle meat,ANFER ANDINA S A S,FALSE,FALSE
Colombia,Cattle meat,ANGLETON GROUP S A S,FALSE,TRUE
Brazil,Sugar cane,ANTONIO RUETTE AGROINDUSTRIAL,FALSE,FALSE
Peru,Cocoa beans,AQUARIUS TRADING PERU S A C,FALSE,FALSE
Brazil,Cattle meat,ARANTES ALIMENTOSEM RECUPERACAO JUDICIAL,TRUE,TRUE
Colombia,Cattle meat,ARCOS DORADOS COL S A S,TRUE,TRUE
Colombia,Cattle meat,ARIZA GARCIA SAMUEL DARIO,FALSE,FALSE
Peru,Cocoa beans,ARMAJARO PERU S A C,TRUE,TRUE
Ecuador,Cocoa beans,AROMAS Y SABORES DEL ECUADOR AROMACACAO,FALSE,TRUE
Ecuador,Cocoa beans,AROMATIC COCOA EXPORT S A AROMAEXCO,FALSE,TRUE
Peru,"Coffee, green",ASOC CENTRAL PROD DE CAFE DE PICHANAQUI,FALSE,FALSE
Colombia,Cocoa beans,ASOC DE ORGANIZACIONES PRODUCTORAS DE CACAO DEL NUDO D,FALSE,FALSE
Peru,"Coffee, green",ASOC PROV CAFETALEROS SOLIDAR SAN IGNACI,FALSE,FALSE
Peru,Cocoa beans,ASOCIACIN DE PRODUCTORES CACAOTEROS Y C,FALSE,FALSE
Peru,Cocoa beans,ASOCIACION CACAOTERA DE LAS REGIONES UCA,FALSE,FALSE
Peru,Cocoa beans,ASOCIACION CACAOTERA DE TOCACHE ASOTOC,FALSE,FALSE
Peru,Cocoa beans,ASOCIACION DE CACAOTEROS TECNIFICADOS DE,FALSE,FALSE
Peru,"Coffee, green",ASOCIACION DE PRODUCTORES AGRO ECOLOGICO,FALSE,FALSE
Peru,Cocoa beans,ASOCIACION DE PRODUCTORES AGROINDUSTRIAL,FALSE,TRUE
Peru,"Coffee, green",ASOCIACION DE PRODUCTORES AGROPECUARIOS,FALSE,TRUE
Peru,Cocoa beans,ASOCIACION DE PRODUCTORES CACAO ALTO HU,FALSE,FALSE
Peru,Cocoa beans,ASOCIACION DE PRODUCTORES CACAO VRAE,FALSE,FALSE
Peru,"Coffee, green",ASOCIACION DE PRODUCTORES DE CAFETALEROS,FALSE,FALSE
Bolivia,Soya beans,ASOCIACION DE PRODUCTORES DE OLEAGINOSAS & TRIGO,FALSE,FALSE
Peru,Cocoa beans,ASOCIACION DE PRODUCTORES YUNKA DEL HUAL,FALSE,FALSE
Brazil,Cattle meat,ATIVO ALIMENTOS EXPORTADORA & IMPORTADORA LTDA,FALSE,TRUE
Ecuador,Cocoa beans,AYD SANCHEZ ADSANCOCOA S A,FALSE,TRUE
Brazil,Cattle meat,BARRA MANSA COMERCIO DE CARNES E DERIVADOS,FALSE,TRUE
Ecuador,Cocoa beans,BARRY CALLEBAUT ECUADOR S A,TRUE,TRUE
Colombia,Cattle meat,BASTO BAUTISTA YESID LEONEL EXPS BASTOS,FALSE,FALSE
Brazil,Cattle meat,BERTIN S.A.,TRUE,TRUE
Brazil,Soya beans,BIANCHINI,FALSE,TRUE
Brazil,Oil palm fruit,BIOPALMA DA AMAZONIA S.A. REFLORESTAMENTO INDUSTRIA E C,TRUE,TRUE
Colombia,Cattle meat,BLANCO GUERRERO JAIRO,FALSE,FALSE
Colombia,Cattle meat,BLANCOMER S A S,FALSE,FALSE
Peru,Cocoa beans,BLUE PACIFIC OILS S.A.,FALSE,TRUE
Brazil,Cattle meat,BOI BRANCO COMERCIAL EXPORTACAO E IMPORTACAO DE BOVINOS EIR,FALSE,FALSE
Brazil,Cattle meat,BOI BRANCO INTERNATIONAL TRADING LTDA,FALSE,FALSE
Brazil,Soya beans,BOM JESUS AGROPECUARIA,FALSE,TRUE
Brazil,Cattle meat,BON-MART FRIGORIFICO LTDA,FALSE,TRUE
Brazil,Sugar cane,BP BIOENERGIA,TRUE,TRUE
Peru,Cocoa beans,BPO TRADING S A C,FALSE,TRUE
Colombia,Cattle meat,BRANGUS Y ANGUS S A S,FALSE,FALSE
Brazil,Soya beans,BRASIL PISOS INDUSTRIA DE ARTEFATOS DE MADEIRA,FALSE,FALSE
Brazil,Cattle meat,BRASLO PRODUTOS DE CARNE,FALSE,TRUE
Brazil,Cattle meat,BRAVEX COMERCIAL IMPORTADORA E EXPORTADORA,FALSE,TRUE
Brazil,Soya beans,BREJEIRO,FALSE,TRUE
Brazil,Cattle meat,BRF,TRUE,TRUE
Brazil,Cattle meat,BUBRAS PARTICIPACOES E INVESTIMENTOS LTDA,FALSE,FALSE
Brazil,Cattle meat,BULL LOG TRADING IMPORTACAO E EXPORTACAO LTDA EPP,FALSE,FALSE
Brazil,Soya beans,BUNGE,TRUE,TRUE
Brazil,Sugar cane,BUNGE,TRUE,TRUE
Colombia,Cattle meat,C I AGROP DEL ORIENTE S A S,FALSE,FALSE
Colombia,Cattle meat,C I ANDINA DEL ORIENTE LTDA,FALSE,TRUE
Colombia,Cattle meat,C I ANDINEX DE COLOMBIA S A S,FALSE,FALSE
Colombia,Cattle meat,C I BARBATUSCAS S A S,FALSE,FALSE
Colombia,Cattle meat,C I CG EXPORT E U,FALSE,FALSE
Colombia,Cattle meat,C I COLANDINA CIAL S A S,FALSE,FALSE
Colombia,Cattle meat,C I DE PRODS COLOMBIANOS C I PROCOL S A S,FALSE,FALSE
Colombia,Cattle meat,C I DERIVADOS Y SUBPRODUCTOS DE SANTANDER S A S,FALSE,FALSE
Colombia,Cattle meat,C I EXPORIENTE S A,FALSE,FALSE
Colombia,Cattle meat,C I FERKA EXPORT LTDA,FALSE,FALSE
Colombia,Cattle meat,C I FORTALEZA ASOCIADOS S A S,FALSE,TRUE
Colombia,Cattle meat,C I IMCOPEC LTDA,FALSE,FALSE
Colombia,Cattle meat,C I MULTICARNICOS S A,FALSE,FALSE
Colombia,Cattle meat,C I SOC AGROP EL RANCHO LTDA,FALSE,FALSE
Colombia,Cattle meat,C I SURAMERICANA DE INVS LTDA,FALSE,TRUE
Colombia,Cattle meat,C I WEST POINT CO S A,FALSE,FALSE
Brazil,Soya beans,C. VALE,TRUE,TRUE
Colombia,Cocoa beans,CACAO DE COLOMBIA S A S,FALSE,TRUE
Colombia,Cocoa beans,CACAO PACIFICO S A,FALSE,FALSE
Ecuador,Cocoa beans,CACAOS FINOS ECUATORIANOS S A CAFIESA,FALSE,TRUE
Peru,"Coffee, green",CAFE MONTEVERDE EIRL,FALSE,FALSE
Peru,Cocoa beans,CAFETALERA AMAZONICA S.A.C.,FALSE,TRUE
Peru,"Coffee, green",CAFETALERA AMAZONICA S.A.C.,FALSE,TRUE
Colombia,Cocoa beans,CAFEXPORT S A R L SUC COL,FALSE,TRUE
Bolivia,Soya beans,CAINSA SRL,FALSE,FALSE
Brazil,Cattle meat,CAJURU INDUSTRIA E COMERCIO DE ALIMENTOS,FALSE,TRUE
Colombia,Cattle meat,CAMAGUEY S A AGROP CAMAGUEY CURT CAMAGUEY,FALSE,FALSE
Brazil,Sugar cane,CANEX EXPORTACAO LTDA,FALSE,TRUE
Brazil,Cattle meat,CANTU COMERCIO DE PNEUMATICOS,FALSE,FALSE
Brazil,Soya beans,CARAMURU,TRUE,TRUE
Colombia,"Coffee, green",CARCAFE LTD,TRUE,TRUE
Bolivia,Soya beans,CARGILL,TRUE,TRUE
Brazil,Soya beans,CARGILL,TRUE,TRUE
Ecuador,Cocoa beans,CARGILL DEL ECUADOR CARGILLECUADOR CIA LTD,TRUE,TRUE
Brazil,Soya beans,CARLOS ALBERTO POLATO,FALSE,TRUE
Brazil,Soya beans,CAROL SODRU SA,FALSE,TRUE
Peru,Cocoa beans,CASA LUKER DEL PERU S A C,FALSE,FALSE
Brazil,Sugar cane,CENTRAL ACUCAREIRA SANTO ANTONIO,FALSE,TRUE
Brazil,Sugar cane,CENTRAL ENERGETICA VALE DO SAPUCAI,TRUE,TRUE
Peru,"Coffee, green",CENTRAL FRONTERIZA NORTE CAFETALEROS,FALSE,FALSE
Brazil,Soya beans,CERVEJARIA PETROPOLIS,FALSE,TRUE
Brazil,Soya beans,CGG,TRUE,TRUE
Ecuador,Cocoa beans,CHOCOLATES FINOS NALS COFINA S A,FALSE,FALSE
Brazil,Soya beans,CHS,TRUE,TRUE
Ecuador,Cocoa beans,CIA AGROCOMERCIAL PANCHANA Y ZAMBRANO S A,FALSE,FALSE
Colombia,"Coffee, green",CIA CAFETERA LA MESETA S A,FALSE,TRUE
Colombia,Cocoa beans,CIA COL DE CACAO S A S,FALSE,FALSE
Peru,"Coffee, green",CIA.INTERNACIONAL DEL CAFE S.A.C.,FALSE,FALSE
Colombia,Cattle meat,CIALZ SOLGAN TRADING S A S,FALSE,TRUE
Colombia,Cattle meat,CIALZDORA AAA PRODS S A S,FALSE,FALSE
Ecuador,Cocoa beans,CIALZDORA DE PRODS AGRICOLAS ZAMBRANO VELEZ AGROZAMVELSA S A,FALSE,TRUE
Colombia,Cattle meat,CIALZDORA DERIVADOS CARNICOS S A S,FALSE,FALSE
Colombia,Cattle meat,CIALZDORA INTL AGROINVERSIONES H2R S A S,FALSE,FALSE
Colombia,Cattle meat,CIALZDORA INTL C I ALDESAN S A,FALSE,FALSE
Colombia,Cattle meat,CIALZDORA INTL C I GUAMAL S A,FALSE,FALSE
Colombia,Cattle meat,CIALZDORA MUNDIORIENTE S A S,FALSE,FALSE
Colombia,Cattle meat,CIALZDORA TRIPLE UNO E U,FALSE,FALSE
Colombia,Cattle meat,CIALZDORA Y EXPDORA BALDONY S A S,FALSE,FALSE
Ecuador,Cocoa beans,CIALZDORA Y EXPDORA DE CACAO,FALSE,FALSE
Brazil,Soya beans,CJ INTERNATIONAL BRASIL COMERCIAL AGRICOLA LTDA.,FALSE,TRUE
Brazil,Soya beans,CKBV FLORESTAL,FALSE,TRUE
Brazil,Sugar cane,CLEALCO ACUCAR E ALCOOL,TRUE,TRUE
Colombia,Cattle meat,CMN GLOBAL TRADING GROUP S A S CREACIONES MI NENITA LTDA,FALSE,FALSE
Brazil,Soya beans,COFCO,TRUE,TRUE
Brazil,Sugar cane,COFCO,TRUE,TRUE
Peru,"Coffee, green",COFFEE GREEN S R L,FALSE,FALSE
Colombia,Cocoa beans,COLCOCOA S A S,FALSE,TRUE
Colombia,Cattle meat,COLGOODS S A S,FALSE,FALSE
Brazil,Cattle meat,COMCARNE COMERCIAL DE CARNE LTDA.,FALSE,TRUE
Brazil,Cattle meat,COMERCIAL DE ALIMENTOS TALISMA,FALSE,TRUE
Bolivia,Soya beans,COMERCIAL INDUSTRIAL AGROPECUARIA CIAGRO SA,FALSE,TRUE
Peru,"Coffee, green",COMERCIO & CIA S.A,FALSE,TRUE
Peru,"Coffee, green",COMERCIO AMAZONIA S A,FALSE,TRUE
Colombia,Cocoa beans,COMESTIBLES ITALO SA,FALSE,TRUE
Peru,Cocoa beans,COMITE CENTRAL CON DESARROLLO AL FUTURO,FALSE,FALSE
Peru,Cocoa beans,COMPAIA NACIONAL DE CHOCOLATES DE PERU,FALSE,TRUE
Brazil,Sugar cane,COMPANHIA ENERGETICA SAO JOSE,FALSE,FALSE
Brazil,Oil palm fruit,COMPANHIA REFINADORA DA AMAZONIA,FALSE,TRUE
Colombia,Cocoa beans,COMPANIA COLOMBIANA AGROINDUSTRIAL SAS,FALSE,TRUE
Peru,Cocoa beans,COMPANIA NACIONAL DE CHOCOLATES DE PERU,FALSE,TRUE
Colombia,Cocoa beans,COMPANIA NACIONAL DE CHOCOLATES SAS,FALSE,TRUE
Brazil,Soya beans,CONACENTRO COOPERATIVA DOS PRODUTORES DO CENTRO OESTE,FALSE,TRUE
Brazil,Cattle meat,CONFIDENCE COMERCIO E SERVICOS LTDA - ME,FALSE,FALSE
Brazil,Cattle meat,CONQUISTA COMERCIO E EXPORTACAO DE ALIMENTOS LTDA,FALSE,FALSE
Brazil,Cattle meat,CONSTRUTORA NORBERTO ODEBRECHT,TRUE,TRUE
Peru,Cocoa beans,COOP AGRAR CAFETALERA ORO VERDE LTDA,FALSE,FALSE
Peru,"Coffee, green",COOP AGRARIA CAF. FRONTERA DE SAN IGNACI,FALSE,TRUE
Peru,Cocoa beans,COOP AGRARIA CAFET VALLE RIO APURIMAC,FALSE,FALSE
Peru,"Coffee, green",COOP AGRARIA CAFETALERA BAGUA GRANDE LTD,FALSE,TRUE
Peru,Cocoa beans,COOP AGRARIA CAFETALERA EL QUINACHO L 78,FALSE,FALSE
Peru,Cocoa beans,COOPERATIVA AGRARIA CACAOTERA ACOPAGRO,FALSE,TRUE
Peru,"Coffee, green",COOPERATIVA AGRARIA CAFETALERA ALTO MAYO,FALSE,TRUE
Peru,"Coffee, green",COOPERATIVA AGRARIA CAFETALERA LA FLORID,FALSE,TRUE
Peru,Cocoa beans,COOPERATIVA AGRARIA CAFETALERA PANGOA LT,FALSE,FALSE
Peru,"Coffee, green",COOPERATIVA AGRARIA CAFETALERA SOSTENIBL,FALSE,FALSE
Peru,"Coffee, green",COOPERATIVA AGRARIA CAFETELERA LA PROSP,FALSE,TRUE
Peru,Cocoa beans,COOPERATIVA AGRARIA CAFETERA DIVISORIA L,FALSE,FALSE
Peru,Cocoa beans,COOPERATIVA AGRARIA CENTRAL DE CACAO ARO,FALSE,FALSE
Peru,Cocoa beans,COOPERATIVA AGRARIA DE CACAO AROMATICO C,FALSE,FALSE
Peru,Cocoa beans,COOPERATIVA AGRARIA DE SERVICIOS MULTIPL,FALSE,FALSE
Peru,"Coffee, green",COOPERATIVA AGRARIA DE SERVICIOS MULTIPL,FALSE,FALSE
Peru,"Coffee, green",COOPERATIVA AGRARIA ECOLOGICA CAFETALERA,FALSE,FALSE
Peru,Cocoa beans,COOPERATIVA AGRARIA INDUSTRIAL NARANJILL,FALSE,TRUE
Peru,"Coffee, green",COOPERATIVA AGRARIA RODRIGUEZ DE MENDOZA,FALSE,FALSE
Peru,"Coffee, green",COOPERATIVA AGRARIA Y SERVICIOS MULTIPLE,FALSE,FALSE
Brazil,Sugar cane,COOPERATIVA AGRICOLA REGIONAL DE PRODUTORES DE CANA LTD,FALSE,TRUE
Peru,"Coffee, green",COOPERATIVA AGROECOLOGICA INDUSTRIAL JUA,FALSE,FALSE
Peru,Cocoa beans,COOPERATIVA AGROINDUSTRIAL TOCACHE LTDA,FALSE,FALSE
Brazil,Sugar cane,"COOPERATIVA DE PRODUTORES DE CANA-DE-ACUCAR, ACUCAR E A",FALSE,TRUE
Brazil,Sugar cane,"COOPERATIVA DE PRODUTORES DE CANA-DE-ACUCAR, ACUCAR E ALCOOL",FALSE,TRUE
Peru,Cocoa beans,COOPERATIVA DE SERVICIOS MULTIPLES NORAN,FALSE,FALSE
Peru,"Coffee, green",COOPERATIVA DE SERVICIOS MULTIPLES NORAN,FALSE,FALSE
Peru,"Coffee, green",COOPERATIVA DE SERVICIOS MULTIPLES SOL&C,FALSE,FALSE
Brazil,Cattle meat,COOPERATIVA DOS PRODUTORES DE CARNE E DERIVADOS DE GURUPI,FALSE,TRUE
Brazil,Sugar cane,COPERTRADING COMERCIO EXPORTACAO E IMPORTACAO,FALSE,TRUE
Brazil,Sugar cane,COPLASA - ACUCAR E ALCOOL,TRUE,TRUE
Brazil,Cattle meat,COREX IMPORTACAO E EXPORTACAO,FALSE,FALSE
Colombia,Cattle meat,CORTES RUIZ MARCO FIDEL,FALSE,FALSE
Brazil,Cattle meat,CP COMERCIAL LTDA,FALSE,FALSE
Peru,Cocoa beans,CUENCAS DEL HUALLAGA ASOCIACION DE PRODU,FALSE,FALSE
Colombia,Cattle meat,CURTIDOS DE COLOMBIA GROUP S A S,FALSE,TRUE
Brazil,Soya beans,CUTRALE,FALSE,TRUE
Brazil,Sugar cane,CZARNIKOW BRASIL LTDA.,FALSE,TRUE
Colombia,Cocoa beans,D ORIGENN S A S,FALSE,TRUE
Brazil,Sugar cane,DA MATA S.A. - ACUCAR E ALCOOL,FALSE,TRUE
Peru,Cocoa beans,DE GUSTE GROUP S A C,FALSE,FALSE
Colombia,Cattle meat,DGF INTL S A S,FALSE,FALSE
Brazil,Cattle meat,DHL GLOBAL FORWARDING BRAZIL LOGISTICS LTDA,FALSE,TRUE
Colombia,Cattle meat,DIAZ PUERTO JAIRO ENRIQUE Y O EXPS JAIRO ENRIQ DIAZ,FALSE,FALSE
Colombia,Cattle meat,DIAZ ROZO FABIAN GUSTAVO EXPODIAZ,FALSE,FALSE
Colombia,Cattle meat,DIST CARNICA DE LA COSTA S A S,FALSE,FALSE
Colombia,Cattle meat,DISTRIB JAGME S A S,FALSE,FALSE
Brazil,Cattle meat,DISTRIBOI INDUSTRIA COMERCIO E TRANSPORTE DE CARNE BOVINA,FALSE,TRUE
Brazil,Cattle meat,DISTRIBUIDORA DE CARNES EQUATORIAL LTDA,FALSE,FALSE
Brazil,Cattle meat,DISTRIBUIDORA DE CARNES VALE DO MOGI IMP & EXP LTDA,FALSE,TRUE
Colombia,Cattle meat,DUARTE RUIZ EDGAR GERARDO,FALSE,FALSE
Colombia,Cattle meat,DUARTE SANCHEZ MILTON ALFONSO CIALZ DE GANADO,FALSE,FALSE
Brazil,Sugar cane,E D & F MAN BRASIL S/A.,TRUE,TRUE
Ecuador,Cocoa beans,ECO KAKAO S A,FALSE,TRUE
Peru,Cocoa beans,ECOANDINO S.A.C.,FALSE,TRUE
Peru,Cocoa beans,ECOMMODITIES SOCIEDAD ANONIMA CERRADA _,FALSE,FALSE
Brazil,Cattle meat,ECOWHITE TRADING LTDA,FALSE,FALSE
Ecuador,Cocoa beans,ECUADOR COCOA Y COFFEE ECUACOFFEE S A,FALSE,FALSE
Ecuador,Cocoa beans,ECUADOR KAKAO PROCESSING PROECUAKAO S A,FALSE,TRUE
Brazil,Cattle meat,ELEVEN BRAZIL IMPORTACAO E EXPORTACAO,FALSE,FALSE
Bolivia,Soya beans,EMPRESA AGROINDUSTRIAL D F &R SRL,FALSE,FALSE
Bolivia,Soya beans,EMPRESA AGROINDUSTRIAL FIDERO SRL,FALSE,FALSE
Brazil,Sugar cane,ENERFO SUGAR DO BRASIL LTDA.,FALSE,TRUE
Brazil,Soya beans,ENGELHART,TRUE,TRUE
Colombia,"Coffee, green",ENGELHART CTP COLOMBIA S A S,TRUE,TRUE
Ecuador,Cocoa beans,EXPDORA DE CACAO BABAHOYO BABAHOYOEX,FALSE,TRUE
Ecuador,Cocoa beans,EXPDORA MANABI EXPORTMANABI S A,FALSE,FALSE
Ecuador,Cocoa beans,EXPDORA MLOPEZ CIA LTD,FALSE,FALSE
Ecuador,Cocoa beans,EXPDORA Y IMPDORA KAM S A EXIKAM,FALSE,FALSE
Colombia,Cattle meat,EXPOAMERICANA DE INVS S A S,FALSE,FALSE
Colombia,Cattle meat,EXPOGANADOS INTL S A S,FALSE,TRUE
Peru,"Coffee, green",EXPOIMP BEVIPERU EIRL,FALSE,FALSE
Colombia,Cattle meat,EXPOMERX S A S,FALSE,FALSE
Peru,"Coffee, green",EXPORT IMPORT AYLEN E I R L,FALSE,FALSE
Peru,"Coffee, green",EXPORT IMPORT CANDRES S.A.C.,FALSE,FALSE
Peru,Cocoa beans,EXPORTADORA ROMEX,FALSE,TRUE
Peru,"Coffee, green",EXPORTADORA ROMEX,FALSE,TRUE
Colombia,Cocoa beans,FED NAL DE CACAOTEROS,FALSE,FALSE
Colombia,"Coffee, green",FEDERACION NACIONAL DE CAFETEROS DE COLOMBIA,FALSE,TRUE
Brazil,Soya beans,FERTIMIG FERTILIZANTES,FALSE,FALSE
Brazil,Soya beans,FERTITEX AGRO - FERTILIZANTES E PRODUTOS AGROPECUARIOS LTDA,FALSE,TRUE
Brazil,Soya beans,FIAGRIL,TRUE,TRUE
Peru,"Coffee, green",FINCA CHURUPAMPA PERU S A C,FALSE,FALSE
Colombia,Cattle meat,FOOD TRADERS WORLDWIDE S A S,FALSE,TRUE
Brazil,Cattle meat,FRIGOESTRELA SA,FALSE,TRUE
Brazil,Cattle meat,FRIGOL,FALSE,TRUE
Brazil,Cattle meat,FRIGORIFICO ARAPUTANGA SA,FALSE,TRUE
Brazil,Cattle meat,FRIGORIFICO BETTER BEEF,FALSE,TRUE
Brazil,Cattle meat,FRIGORIFICO BIG BOI,FALSE,TRUE
Colombia,Cattle meat,FRIGORIFICO DEL SINU FRIGOSINU S A,FALSE,TRUE
Brazil,Cattle meat,FRIGORIFICO ELDORADO S/A,FALSE,TRUE
Brazil,Cattle meat,FRIGORIFICO FORTEFRIGO,FALSE,TRUE
Brazil,Cattle meat,FRIGORIFICO JR,FALSE,TRUE
Brazil,Cattle meat,FRIGORIFICO MERCOSUL S/A,FALSE,TRUE
Brazil,Cattle meat,FRIGORIFICO NOSSO,FALSE,TRUE
Brazil,Cattle meat,FRIGORIFICO PANTANAL LTDA - ME,FALSE,TRUE
Brazil,Cattle meat,FRIGORIFICO REDENTOR,FALSE,TRUE
Brazil,Cattle meat,FRIGORIFICO RIO MACHADO INDUSTRIA & COMERCIO DE CARNES LTDA,FALSE,TRUE
Brazil,Cattle meat,FRIGORIFICO RIO MARIA,FALSE,TRUE
Brazil,Cattle meat,FRIGORIFICO TANGARA,FALSE,TRUE
Colombia,Cattle meat,FRIGORIFICO VIJAGUAL S A,FALSE,TRUE
Brazil,Cattle meat,FRIGOSOL FRIGORIFICO SUL BAHIA,FALSE,TRUE
Brazil,Cattle meat,FRIGOTIL FRIGORIFICO DE TIMON,FALSE,TRUE
Brazil,Cattle meat,FRIGOXICO ALIMENTOS,FALSE,FALSE
Brazil,Cattle meat,FRISA FRIGORIFICO RIO DOCE,FALSE,TRUE
Brazil,Cattle meat,FRISACRE FRIGORIFICO SANTO AFONSO DO ACRE,FALSE,TRUE
Brazil,Soya beans,GAVILON,TRUE,TRUE
Brazil,Soya beans,GIANCARLOS BAVARESCO,FALSE,FALSE
Brazil,Cattle meat,"GIVOTRADING COMERCIO, IMPORTACAO E EXPORTACAO LTDA",FALSE,FALSE
Brazil,Sugar cane,GLENCANE BIOENERGIA S.A.,FALSE,FALSE
Brazil,Soya beans,GLENCORE,TRUE,TRUE
Colombia,Cattle meat,GLOBAL EXP IMP S A S,FALSE,FALSE
Ecuador,Cocoa beans,GOLDCOCOA EXPORT S A,FALSE,TRUE
Brazil,Cattle meat,GOLDEN GRAIN COMERCIAL DE IMPORTACAO & EXPORTACAO DE ALIMENTOS LTDA,FALSE,FALSE
Brazil,Cattle meat,GOLDEN IMEX,FALSE,TRUE
Ecuador,Cocoa beans,GRANCACAO EXPORT S A,FALSE,TRUE
Colombia,Cattle meat,GRANDEXPORT S A S,FALSE,FALSE
Ecuador,Cocoa beans,GRANDSOUTH S A,FALSE,TRUE
Brazil,Soya beans,GRANULE EXPORTADORA E IMPORTADORA,FALSE,TRUE
Bolivia,Soya beans,GRAVETAL BOLIVIA SA,FALSE,TRUE
Brazil,Cattle meat,GROUP AGRICOLA E EXPORTACAO LTDA.,FALSE,FALSE
Colombia,Cattle meat,GRUPO EMPRESARIAL INEXCO S A S,FALSE,FALSE
Colombia,Cattle meat,GRUPO IMP Y EXP COLOMBIANO GIMEXCOL S A S,FALSE,FALSE
Brazil,Cattle meat,GUAPORE CARNE S/A,FALSE,FALSE
Brazil,Sugar cane,GUARANI,TRUE,TRUE
Brazil,Soya beans,GUSA NORDESTE,FALSE,FALSE
Peru,"Coffee, green",H.V.C.EXPORTACIONES SAC,FALSE,TRUE
Brazil,Soya beans,HOLBUD LTD,FALSE,TRUE
Brazil,Soya beans,HORITA EMPREENDIMENTOS AGRICOLAS,FALSE,TRUE
Bolivia,Soya beans,HUGO SPECHAR GONZALES - GRANOS,FALSE,FALSE
Brazil,Soya beans,HUMBERG AGRIBRASIL COMERCIO E EXPORTACAO DE GRAOS LTDA,FALSE,TRUE
Brazil,Cattle meat,IFC INTERNATIONAL FOOD COMPANY INDUSTRIA DE ALIMENTOS,FALSE,TRUE
Colombia,Cattle meat,IMPS Y EXPS BOGOTA,FALSE,FALSE
Brazil,Cattle meat,INDUSTRIA E COMERCIO DE CARNES E DERIVADOS BOI BRASIL,FALSE,TRUE
Bolivia,Soya beans,INDUSTRIAS DE ACEITE S.A.,TRUE,TRUE
Peru,Cocoa beans,INDUSTRIAS DEL ESPINO S.A.,TRUE,TRUE
Bolivia,Soya beans,INDUSTRIAS OLEAGINOSAS S.A.,FALSE,TRUE
Ecuador,Cocoa beans,INMOBILIARIA GUANGALA S A,FALSE,TRUE
Brazil,Cattle meat,INTERCONTINENTAL FOODS - COMERCIO DE ALIMENTOS LTDA - EPP,FALSE,FALSE
Peru,Cocoa beans,INVERSIONES CAMPO VERDE SAC,FALSE,FALSE
Colombia,Cattle meat,INVS ARIZA QUINTERO S EN C,FALSE,FALSE
Colombia,Cattle meat,INVS EXPODIAZ S A S,FALSE,FALSE
Colombia,Cattle meat,INVS HRS E HIJOS S A S,FALSE,FALSE
Colombia,Cattle meat,INVS KUKENAN S A S,FALSE,FALSE
Colombia,Cattle meat,INVS PASTO VERDE S A S,FALSE,FALSE
Brazil,Cattle meat,IRMAOS GONCALVES COMERCIO E INDUSTRIA,FALSE,TRUE
Brazil,Cattle meat,JA COMERCIO DE GENEROS ALIMENTICIOS E SERVICOS,FALSE,TRUE
Colombia,Cattle meat,JAIME DARIO DUBEIBE BLANCO INVS DUBEIBE BLANCO,FALSE,FALSE
Brazil,Cattle meat,JBS,TRUE,TRUE
Brazil,Cattle meat,JJZ ALIMENTOS,FALSE,TRUE
Colombia,Cattle meat,JSC TRADING CORP S A S,FALSE,FALSE
Brazil,Soya beans,JUPARANA COMERCIAL AGRICOLA,FALSE,TRUE
Peru,"Coffee, green",KAFFEE PERU G1 SOCIEDAD ANONIMA CERRADA,FALSE,FALSE
Brazil,Cattle meat,KAIAPOS FABRIL E EXPORTADORA,FALSE,FALSE
Brazil,Cattle meat,KIT TRADING,FALSE,FALSE
Ecuador,Cocoa beans,LA NUEVA CASA DEL CACAO S A CASACAO,FALSE,TRUE
Brazil,Cattle meat,LAMAJO COMERCIAL,FALSE,FALSE
Brazil,Soya beans,LAVOURA COMERCIAL AGRICOLA,FALSE,FALSE
Brazil,Cattle meat,LIARTE METALQUIMICA,FALSE,TRUE
Brazil,Cattle meat,LIDERA COMERCIO DE ALIMENTOS LTDA - ME,FALSE,FALSE
Brazil,Cattle meat,LKJ FRIGORIFICO LTDA,FALSE,TRUE
Brazil,Soya beans,LOUIS DREYFUS,TRUE,TRUE
Brazil,Sugar cane,LOUIS DREYFUS,TRUE,TRUE
Colombia,"Coffee, green",LOUIS DREYFUS,TRUE,TRUE
Peru,"Coffee, green",LOUIS DREYFUS,TRUE,TRUE
Peru,"Coffee, green",M & V RIVAS E I R L,FALSE,TRUE
Brazil,Cattle meat,M S COMERCIAL IMPORTADORA E EXPORTADORA DE ALIMENTOS,FALSE,TRUE
Colombia,Cocoa beans,M Y M TRADING S A S,FALSE,FALSE
Peru,Cocoa beans,MACHU PICCHU COFFEE TRADING S.A.C.,FALSE,FALSE
Brazil,Soya beans,MADEIRANIT MADEIRAS,FALSE,FALSE
Brazil,Cattle meat,MAIS TRADING LTDA.,FALSE,FALSE
Ecuador,Cocoa beans,MANACAO S A,FALSE,TRUE
Brazil,Cattle meat,MARFRIG,TRUE,TRUE
Colombia,Cocoa beans,MARIANA COCOA EXPORT LTD,FALSE,FALSE
Colombia,Cattle meat,MARKETING DE COLOMBIA S A MARKETCOL S A,FALSE,TRUE
Ecuador,Cocoa beans,MARTINETTI MAWYIN PEDRO ANDRES,FALSE,FALSE
Ecuador,Cocoa beans,MARTINETTI SALTOS PEDRO FERNANDO,FALSE,FALSE
Brazil,Soya beans,MARUBENI,TRUE,TRUE
Brazil,Cattle meat,MASSENA COMERCIO EXTERIOR LTDA,FALSE,FALSE
Brazil,Cattle meat,MASTERBOI,FALSE,TRUE
Brazil,Cattle meat,MATABOI ALIMENTOS,FALSE,TRUE
Ecuador,Cocoa beans,MAYCAO CIALZDORA AGRICOLA DE PROD,FALSE,FALSE
Brazil,Cattle meat,MERCURIO ALIMENTOS,FALSE,TRUE
Brazil,Cattle meat,MERIDIONAL MEATIMPORTACAO E EXP DE ALIMENTOS,FALSE,FALSE
Brazil,Cattle meat,MICHI FOODS PRODUCAO COMERCIO DISTRIBUICAO IMPORTACAO E,FALSE,FALSE
Brazil,Cattle meat,MINERVA,TRUE,TRUE
Colombia,Cattle meat,MINERVA COLOMBIA S A S,TRUE,TRUE
Colombia,Cattle meat,MITONALI S A S,FALSE,FALSE
Brazil,Soya beans,MITSUBISHI,TRUE,TRUE
Brazil,Soya beans,MITSUI & CO.,TRUE,TRUE
Colombia,Cattle meat,MIX PROJECT INTL S A S,FALSE,FALSE
Brazil,Cattle meat,MONDELLI INDUSTRIA DE ALIMENTOS,FALSE,TRUE
Peru,"Coffee, green",MULTINEGOCIOS R&R E I R L,FALSE,FALSE
Brazil,Cattle meat,"MUNDO BRASIL COMERCIO, EXPORTACAO E IMPORTACAO LTDA.",FALSE,FALSE
Brazil,Cattle meat,MUNDOS BRASIL IMPORTACAO E EXPORTACAO LTDA EPP,FALSE,FALSE
Brazil,Sugar cane,NARDINI AGROINDUSTRIAL,TRUE,TRUE
Brazil,Cattle meat,NATURAFRIG ALIMENTOS,FALSE,TRUE
Peru,"Coffee, green",NEGOCIOS MARBER S R L,FALSE,FALSE
Peru,"Coffee, green",NEGOCIOS Y TRANSPORTES FERNANDEZ SOCIEDA,FALSE,FALSE
Peru,"Coffee, green",NEGRISA S.A.C.,FALSE,FALSE
Ecuador,Cocoa beans,NESTLE,TRUE,TRUE
Brazil,Cattle meat,NEW BEEF CO FRIGORIFICO SA,FALSE,TRUE
Brazil,Cattle meat,NEW BRAND TRADING ALIMENTOS,FALSE,FALSE
Brazil,Soya beans,NIDERA,TRUE,TRUE
Brazil,Cattle meat,NORTAO INDUSTRIAL DE ALIMENTOS,FALSE,FALSE
Brazil,Soya beans,NOVAAGRI INFRA-ESTRUTURA DE ARMAZENAGEM E ESCOAMENTO AGRICOL,TRUE,TRUE
Peru,Cocoa beans,NUTRY BODY SOCIEDAD ANONIMA CERRADA,FALSE,FALSE
Colombia,Cattle meat,O L CIALZDORA S A S,FALSE,FALSE
Brazil,Soya beans,O TELHAR,FALSE,TRUE
Colombia,Cattle meat,OCA TRADING S A S,FALSE,FALSE
Brazil,Sugar cane,ODEBRECHT AGROINDUSTRIAL PARTICIPACOES S.A.,TRUE,TRUE
Brazil,Cattle meat,ODEBRECHT SERVICOS DE EXPORTACAO S.A,FALSE,TRUE
Brazil,Soya beans,OLAM,TRUE,TRUE
Colombia,"Coffee, green",OLAM,TRUE,TRUE
Brazil,Cattle meat,OMEGA REPRESENTACOES LTDA,FALSE,FALSE
Colombia,Cattle meat,OREGON FOODS SAC,FALSE,TRUE
Peru,Cocoa beans,ORGANIC AROMA COCOA PERU S A C AROMA,FALSE,FALSE
Ecuador,Cocoa beans,OSELLA S A,FALSE,FALSE
Ecuador,Cocoa beans,OUTSPAN ECUADOR SA,TRUE,TRUE
Peru,"Coffee, green",OUTSPAN PERU S.A.C.,TRUE,TRUE
Colombia,Cattle meat,OVALLES SOGAMOSO JOSE HELI Y O CIALZ OVALLES,FALSE,FALSE
Brazil,Cattle meat,PAMPACARNE COMERCIO IMPORTACAO E EXPORTACAO,FALSE,TRUE
Brazil,Cattle meat,PAMPAFOODS COMERCIO IMPORTACAO E EXPORTACAO LTDA. - ME,FALSE,TRUE
Peru,"Coffee, green",PERALES HUANCARUNA S.A.C.,FALSE,TRUE
Peru,"Coffee, green",PERUNOR EXPORT SAC,FALSE,FALSE
Brazil,Cattle meat,PLENA ALIMENTOS,FALSE,TRUE
Colombia,Cattle meat,PORTO CERVO S A S,FALSE,FALSE
Brazil,Cattle meat,PRIMA FOODS SA,FALSE,TRUE
Colombia,Cattle meat,PROCESADORA DE CARNES DE SANTANDER S A,FALSE,TRUE
Bolivia,Soya beans,PROCESADORA DE GRANOS & ALIMENTOS GRAN ALIMENTO SRL,FALSE,FALSE
Bolivia,Soya beans,PROCESADORA DE OLEAGINOSAS PROLEGA S.A. PROLEGA S.A.,FALSE,TRUE
Peru,"Coffee, green",PROCESADORA DEL SUR S.A.,TRUE,TRUE
Bolivia,Soya beans,PROCESSED DOMESTICALLY,FALSE,FALSE
Brazil,Soya beans,PROCESSED DOMESTICALLY,FALSE,FALSE
Peru,"Coffee, green",PRODUCTOS Y SERVICIOS NOR ORIENTE S A C,FALSE,FALSE
Brazil,Soya beans,PRODUZIR AGROPECUARIA- EM RECUPERACAO JUDICIAL,FALSE,TRUE
Brazil,Cattle meat,PROGRESS BRAZIL COMERCIO DE ALIMENTOS,FALSE,FALSE
Peru,"Coffee, green",PRONATUR E.I.R.L.,FALSE,FALSE
Peru,Cocoa beans,QORI MAYO E I R L,FALSE,FALSE
Ecuador,Cocoa beans,QUEVEXPORT S A,FALSE,TRUE
Colombia,"Coffee, green",RACAFE & CIA S C A,FALSE,TRUE
Brazil,Cattle meat,RADAR INDUSTRIA E COMERCIO DE FRIGORIFICADOS,FALSE,TRUE
Peru,Cocoa beans,RAINFOREST TRADING S.A.C.,FALSE,TRUE
Peru,"Coffee, green",RAINFOREST TRADING S.A.C.,FALSE,TRUE
Brazil,Sugar cane,RAIZEN ARARAQUARA ACUCAR E ALCOOL LTDA,FALSE,TRUE
Brazil,Sugar cane,RAIZEN ENERGIA S.A,TRUE,TRUE
Brazil,Cattle meat,RAMAX IMPORTACAO E EXPORTACAO DE ALIMENTOS EIRELI,FALSE,FALSE
Colombia,Cattle meat,RED CARNICA S A S,TRUE,TRUE
Brazil,Cattle meat,"REDENCAO - INDUSTRIA, COMERCIO, IMPORTACAO E EXPORTACAO DE C",FALSE,FALSE
Brazil,Sugar cane,RENUKA DO BRASIL,FALSE,TRUE
Colombia,Cattle meat,RH EXPS S A S,FALSE,FALSE
Brazil,Cattle meat,RIO GRANDE COMERCIO DE CARNES LTDA,FALSE,TRUE
Ecuador,Cocoa beans,RISTOKCACAO S A,FALSE,TRUE
Brazil,Cattle meat,RODOPA INDUSTRIA E COMERCIO DE ALIMENTOS LTDA,FALSE,TRUE
Colombia,Cattle meat,RODRIGUEZ GOMEZ JEEFFERSON ATIR,FALSE,FALSE
Colombia,Cattle meat,RODRIGUEZ MONSALVE MANUEL ELEAZAR,FALSE,FALSE
Colombia,Cattle meat,ROJAS SERRANO HECTOR EXPS E IMPS,FALSE,FALSE
Colombia,Cattle meat,ROJAS VILLAN LEIDY JOHANNA,FALSE,FALSE
Brazil,Cattle meat,RXM IMPORTACAO E EXPORTACAO,FALSE,FALSE
Brazil,Sugar cane,S A USINA CORURIPE ACUCAR E ALCOOL,TRUE,TRUE
Colombia,Cattle meat,S C I MANUECABRALES Y CIA S A S,FALSE,FALSE
Brazil,Cattle meat,S. C. T. ARTIGOS PARA PRESENTES LTDA,FALSE,FALSE
Brazil,Cattle meat,SA FOOD ASSESSORIA & CONSULTORIA LTDA,FALSE,FALSE
Brazil,Cattle meat,SA FOOD IMPORTACAO E EXPORTACAO,FALSE,FALSE
Brazil,Cattle meat,SADIA S.A.,FALSE,TRUE
Brazil,Sugar cane,SAO MARTINHO S/A,TRUE,TRUE
Colombia,Cattle meat,SEAFOOD MARKET INTL TRADING S A S,FALSE,FALSE
Brazil,Soya beans,SEARA INDUSTRIA E COMERCIO DE PRODUTOS AGRO PECUARIOS LTDA - EM RECUPERACAO JUDICIAL,FALSE,TRUE
Brazil,Soya beans,SELECTA,TRUE,TRUE
Peru,Cocoa beans,SELVACACAO SOCIEDAD ANONIMA CERRADA,FALSE,FALSE
Peru,"Coffee, green",SELVACACAO SOCIEDAD ANONIMA CERRADA,FALSE,FALSE
Brazil,Cattle meat,SERTRADING,FALSE,TRUE
Brazil,Soya beans,"SHANGHAI PENGXIN GROUP CO., LTD.",TRUE,TRUE
Brazil,Soya beans,SIGMA AGROPECUARIA LTDA,FALSE,TRUE
Brazil,Soya beans,SINAGRO PRODUTOS AGROPECUARIOS,FALSE,TRUE
Brazil,Soya beans,SIPAL,FALSE,TRUE
Colombia,Cattle meat,SISA LTDA,FALSE,TRUE
Brazil,Sugar cane,SJC BIOENERGIA,TRUE,TRUE
Colombia,"Coffee, green",SKN CARIBECAFE LTD,FALSE,FALSE
Ecuador,Cocoa beans,SOC CIVIL GERVERD,FALSE,FALSE
Colombia,Cattle meat,SOC DE COMERC INTL COLVEMP LTDA,FALSE,FALSE
Colombia,Cattle meat,SOC DE COMERCIALIZACION INTL GRUPO TIUNA LTDA,FALSE,FALSE
Colombia,Cattle meat,SOC DE IMP Y EXP DE COLOMBIA NOVISAN S A S,FALSE,FALSE
Bolivia,Soya beans,SOCIEDAD AGROINDUSTRIAL NUTRIOIL SA,FALSE,TRUE
Colombia,"Coffee, green",SOCIEDAD EXPORTADORA CAFE DE COOPERATIVAS DE CAFICULTORES SA,FALSE,TRUE
Peru,Cocoa beans,SOCIEDAD INDUSTRIAL DE YURIMAGUAS S A,FALSE,FALSE
Brazil,Soya beans,SODRUGESTVO,FALSE,TRUE
Brazil,Soya beans,SODRUGESTVO AGRONEGOCIOS SA,FALSE,TRUE
Brazil,Soya beans,SODRUGESTVO DO BRASIL REPRESENTACAO IMPORTACAO E EXPOR,FALSE,FALSE
Bolivia,Soya beans,SOYAGRAIN SRL,FALSE,FALSE
Colombia,"Coffee, green",SUCAFINA COLOMBIA S A S,FALSE,TRUE
Colombia,"Coffee, green",SUCDEN COLOMBIA SAS,TRUE,TRUE
Brazil,Sugar cane,SUCDEN DO BRASIL LTDA.,TRUE,TRUE
Colombia,Cocoa beans,SUCESORES DE JOSE JESUS RESTREPO Y CIA S A,FALSE,TRUE
Brazil,Cattle meat,SUDAMBEEF INDUSTRIA COMERCIO IMPORTACAO E EXPORTACAO,FALSE,TRUE
Peru,Cocoa beans,SUMAQAO SOCIEDAD ANONIMA CERRADA,FALSE,TRUE
Brazil,Cattle meat,SUPERFRIGO INDUSTRIA E COMERCIO,FALSE,TRUE
Bolivia,Soya beans,SUPERGRAIN SRL,FALSE,FALSE
Colombia,Cattle meat,SUPERTIENDAS Y DROGUERIAS OLIMPICA S A,TRUE,TRUE
Colombia,Cocoa beans,SURCACAO S A S,FALSE,FALSE
Brazil,Cattle meat,SZR EMPRESARIAL IND & EXP DE SUB PRODUTOS BOVINOS LTDA,FALSE,TRUE
Brazil,Soya beans,T T COMERCIO,FALSE,FALSE
Brazil,Cattle meat,TANGARA ALIMENTOS,FALSE,FALSE
Brazil,Cattle meat,TANGARA IMPORTADORA E EXPORTADORA SA,FALSE,TRUE
Brazil,Cattle meat,TDX TRADING COMPANY COMERCIO IMPORTACAO E EXPORTACAO DE PROD,FALSE,TRUE
Brazil,Sugar cane,TEREOS ACUCAR E ENERGIA BRASIL S.A.,TRUE,TRUE
Brazil,Soya beans,TERRA SANTA AGRO,TRUE,TRUE
Brazil,Sugar cane,TONON BIOENERGIA,TRUE,TRUE
Brazil,Cattle meat,TOTAL GROUP,FALSE,FALSE
Ecuador,Cocoa beans,TRANSMAR ECUADOR S A,TRUE,TRUE
Peru,"Coffee, green",TRILLADORA JN EXPORT & IMPORT S A C,FALSE,FALSE
Peru,Cocoa beans,TROPICAL FOREST PERU S A C,FALSE,FALSE
Brazil,Soya beans,TS BRASIL S.A.,TRUE,TRUE
Brazil,Sugar cane,U.S.A. - USINA SANTO ANGELO,FALSE,TRUE
Brazil,Cattle meat,UNITRADING LOGISTICA IMPORTACAO E EXPORTACAO ME,FALSE,TRUE
Bolivia,Soya beans,UNKNOWN,FALSE,FALSE
Brazil,Cattle meat,UNKNOWN,FALSE,FALSE
Brazil,"Coffee, green",UNKNOWN,FALSE,FALSE
Brazil,Maize (corn),UNKNOWN,FALSE,FALSE
Brazil,Soya beans,UNKNOWN,FALSE,FALSE
Colombia,"Coffee, green",UNKNOWN,FALSE,FALSE
Brazil,Sugar cane,USINA ACUCAREIRA GUAIRA LIMITADA,FALSE,TRUE
Brazil,Sugar cane,USINA ALTA MOGIANA S/A-ACUCAR E ALCOOL,FALSE,TRUE
Brazil,Sugar cane,USINA ALTO ALEGRE S/A - ACUCAR E ALCOOL,FALSE,TRUE
Brazil,Sugar cane,USINA BATATAIS S/A ACUCAR E ALCOOL,FALSE,TRUE
Brazil,Sugar cane,USINA CAETE,TRUE,TRUE
Brazil,Sugar cane,USINA COLOMBO S/A. - ACUCAR E ALCOOL,FALSE,FALSE
Brazil,Sugar cane,USINA CONQUISTA DO PONTAL,TRUE,TRUE
Brazil,Sugar cane,USINA DE ACUCAR E ALCOOL GOIOERE,FALSE,TRUE
Brazil,Sugar cane,USINA DE ACUCAR SANTA TEREZINHA LTDA,TRUE,TRUE
Brazil,Sugar cane,USINA DELTA,FALSE,TRUE
Brazil,Sugar cane,USINA ELDORADO,TRUE,TRUE
Brazil,Sugar cane,USINA GUARIROBA,TRUE,TRUE
Brazil,Sugar cane,USINA ITAPAGIPE ACUCAR E ALCOOL,TRUE,TRUE
Brazil,Sugar cane,USINA OUROESTE - ACUCAR E ALCOOL,TRUE,TRUE
Brazil,Sugar cane,USINA SANTA FE S/A.,TRUE,TRUE
Brazil,Sugar cane,USINA SANTA ISABEL,FALSE,TRUE
Brazil,Sugar cane,USINA SAO DOMINGOS-ACUCAR E ETANOL S/A,FALSE,TRUE
Brazil,Sugar cane,VA&E TRADING DO BRASIL LTDA,FALSE,TRUE
Brazil,Sugar cane,VALE DO TIJUCO ACUCAR E ALCOOL,TRUE,TRUE
Brazil,Cattle meat,VALE GRANDE INDUSTRIA E COMERCIO DE ALIMENTOS,FALSE,TRUE
Peru,"Coffee, green",VALLEY COFFEE TRADING S A C,FALSE,FALSE
Colombia,Cattle meat,VARGAS QUINTANA OSCAR,FALSE,FALSE
Colombia,Cattle meat,VECTRA INTL COLOMBIA S A S,FALSE,FALSE
Peru,Cocoa beans,VILLA ANDINA SOCIEDAD ANONIMA CERRADA,FALSE,TRUE
Brazil,Soya beans,VITERRA BV,TRUE,TRUE
Colombia,Cattle meat,VRAM HOLDING S A S,FALSE,FALSE
Brazil,Sugar cane,WD AGROINDUSTRIAL LTDA,FALSE,TRUE
Brazil,Cattle meat,WELLARD DO BRASIL AGRONEGOCIOS,TRUE,TRUE
Brazil,Cattle meat,WEST MEAT IMPORTACAO E EXPORTACAO LTDA.,FALSE,FALSE
Brazil,Cattle meat,XINGUARA INDUSTRIA E COMERCIO,FALSE,TRUE
Brazil,Cattle meat,ZANCHETTA INDUSTRIA DE ALIMENTOS LTDA,FALSE,TRUE
Brazil,Cattle meat,ZIBAX GLOBAL IMPORTACAO & EXPORTACAO EIRELI,FALSE,FALSE
